coord_x,coord_y,capacity,init,consumption
602.2827392781393,4380.094123796779,7,4,0.437
159.7526316969649,4746.974091356566,41,16,4.118
701.0434996569247,4828.455794724437,23,0,1.915
262.49245182682625,4535.118069143098,2,1,0.002
625.5162868106091,4365.298308996212,17,17,3.982
-41.709460010563404,4456.966471936855,1,0,0.003
377.8285242956891,4589.331463282109,6,5,0.03
632.8565018087027,4412.20378952217,5,1,0.037
306.3331301826921,4890.702656862869,24,9,1.565
290.85547912011526,4802.484952409211,7,7,0.109
242.96092120871484,4784.427598285946,16,7,0.457
175.88901274063403,4766.4759941264265,1,1,0.019
146.377633034346,4785.574758012144,4,0,0.039
151.81435806149335,4557.140211189606,4,1,0.092
616.3060495669607,4363.976928673264,1,1,0.009
481.1061335690895,4888.097238728871,9,9,0.108
-93.0471404723741,4677.639226934626,19,19,0.089
831.3350811100112,4797.927456110995,14,7,0.545
698.0134203079073,4811.018388304083,17,12,0.38
542.4682807805242,4584.85940302524,3,3,0.032
350.93725351338594,4903.273471521381,6,0,0.32
168.3961053845973,4572.571668926967,15,0,1.627
298.0534694900779,4789.8060323669615,43,43,0.173
380.34938899380114,4946.964585368892,6,0,0.018
796.2840924369232,4811.754570439753,3,0,0.012
313.2490035898038,4821.170914306174,4,2,0.017
78.02717128695234,4415.4466943019515,14,2,0.621
641.3029337431309,4646.310913596174,39,12,0.745
365.1712112833036,4466.868773865094,26,10,0.933
-147.0260651758937,4858.802642961453,4,4,0.049
-112.17659611401734,4633.252797948878,11,11,0.086
626.9915482761039,4363.135609364233,3,2,0.015
307.1986074346355,4800.881859639012,2,0,0.014
292.0439317438605,4766.651264724141,69,30,8.776
303.5351291835809,4791.750346892162,13,13,0.336
167.94546645543582,4399.196420522385,9,9,0.072
-56.02313763293218,4395.176557965648,19,0,0.039
863.014262654251,4777.585206814261,4,3,0.035
-45.584117842766844,4693.201138854997,5,0,0.085
-9.550753405341615,4613.139008599816,15,11,0.19
322.07551136217955,4798.954432321149,3,3,0.01
587.8613138337894,4392.947726421145,5,0,0.016
297.984548970918,4786.999744457114,3,0,0.069
637.0964983099577,4353.922044513051,6,5,0.068
-137.0691958958687,4730.364552891478,50,50,0.763
481.22845299844454,4754.178806029573,6,0,0.076
504.7623872958145,4548.266569495452,7,2,0.039
606.1661510673529,4570.94188208525,5,0,0.232
686.7078899683161,4811.453911017559,21,13,0.623
592.3505434645995,4597.669526533256,5,4,0.009
546.7712258008927,4675.739924789675,3,2,0.19
92.3476199485438,4690.482720897797,7,7,0.141
701.086872207674,4544.732213301348,25,7,1.232
266.18876576855666,4789.272795932463,15,15,0.049
-65.51656469952752,4479.346619490907,1,0,0.027
171.8524727702091,4763.766869380282,3,3,0.012
727.51942369982,4840.4539538267245,44,44,0.816
608.3960678996599,4812.775174086477,4,0,0.104
-18.38344249806617,4809.077980661918,18,15,0.018
-348.78274126711676,4786.901302041453,1,1,0.124
-58.323698928598475,4480.384556007429,5,5,0.003
482.9706004016886,4474.83409375467,9,9,1.027
187.21995601685404,4384.621807887713,2,2,0.002
563.4011735998727,4548.472399962028,10,10,0.193
-155.00121380960786,4821.236144410478,7,4,0.316
252.7623484758616,4793.159861785294,20,12,0.418
579.1817404123162,4550.160024048818,2,0,0.058
-39.97853056251244,4471.256533262313,7,7,0.007
204.18581949799415,4775.455120125798,1,1,0.11
-34.948810997006646,4495.301006515468,5,5,0.11
760.4455939664736,4651.932738460614,17,10,0.127
613.1235032350173,4365.990946557515,4,2,0.002
651.6483888426962,4358.659963558535,8,8,0.077
562.6822822720407,4694.710158049248,6,6,0.156
184.07085771985678,4729.729186460865,3,3,0.07
195.90600473812086,4508.623197765695,1,0,0.013
-130.85254215354217,4688.522664690875,3,3,0.068
380.8758041567135,4893.4342376462955,13,8,0.197
81.28831210448757,4680.747706070454,4,0,0.031
282.86691475921117,4795.3239905981945,7,1,0.068
-47.14011908980935,4619.877583996783,30,30,0.914
550.4534914586148,4556.78216764855,5,1,0.004
354.87954971504035,4911.687996524011,5,1,0.043
290.3742450059714,4837.3258848401665,5,1,0.019
222.33072496628307,4788.063334055283,8,0,0.071
-440.2891941634742,4758.343896182272,4,0,0.015
689.8425553770924,4580.221125773995,8,8,0.301
373.1877804211571,4782.085344585588,1,0,0.055
337.29601713663925,4785.2729356725185,3,0,0.025
376.1720779158623,4920.501530613253,6,5,0.491
610.0629922936151,4358.787472456542,3,0,0.016
279.26789021169577,4854.038005028363,1,1,0.148
339.33855269102247,4934.239099877521,2,0,0.094
736.4520660140064,4555.669079709066,5,1,0.065
199.90381610464638,4652.23871705937,7,3,0.052
239.44520192928744,4830.001530037824,35,28,2.608
304.79892273808986,4754.644353434987,6,6,0.177
248.76276771639334,4939.603765773684,28,18,1.356
813.8054372900515,4433.977811192058,2,2,0.076
190.9821685239798,4378.920476956663,6,4,0.0
956.3901512231712,4801.980227438058,2,2,0.035
294.410771579977,4779.07503535464,12,5,0.076
322.4317876811354,4814.482955704448,2,1,0.017
381.6429466582944,4924.884397580285,13,8,0.406
188.60440875102952,4932.547351104826,1,1,0.007
254.44074320491575,4770.37063654987,35,11,2.408
584.4930410379826,4568.01414655728,1,1,0.011
598.5311161986208,4380.273645996284,23,13,0.395
465.4751025873859,4760.201418351248,17,17,0.054
198.31358179746445,4644.799689820629,19,8,0.92
6.429198712565833,4772.140800271346,1,0,0.009
541.5112522117298,4404.76898428813,14,12,0.184
723.9504063605225,4792.943554570747,3,3,0.0
276.6081049819568,4796.343853193314,54,32,1.106
299.5050742229577,4771.700474449545,8,1,0.196
-453.3348856927823,4721.2466572857875,2,0,0.017
273.4521827376688,4783.915210510263,3,1,0.048
555.2703427813127,4567.693466671535,32,9,1.343
215.3155748480666,4889.0166006840445,5,2,0.087
644.5629988463381,4360.6147957053245,36,36,1.259
446.92609620277176,4831.211536119598,9,0,0.205
575.926536957928,4521.876850704273,11,0,0.963
533.8586241979981,4472.460481539217,3,2,0.047
309.8038658175071,4787.03926017914,16,8,0.367
784.3489167147658,4564.562269019852,40,30,0.187
684.4625289084885,4575.341966722304,2,1,0.054
379.7949798638969,4852.023754169,4,4,0.055
-135.674656655509,4397.771235797035,8,2,0.611
106.01952868202575,4708.263629334803,5,0,0.053
339.8394653312658,4302.418831757415,20,0,0.362
-2.035898662920663,4812.346967971612,2,1,0.007
458.0723092740039,4395.330825852035,6,6,0.17
258.01445501263805,4833.928256763096,25,4,0.194
-20.229897730275386,4368.946715527326,3,1,0.027
473.6927546240712,4759.647830750012,45,45,3.405
-87.57041045515496,4765.687408992696,16,5,0.694
555.2424679655136,4547.9580023011185,2,0,0.05
-139.70738824974123,4740.238425775521,8,1,0.406
629.8860772680681,4446.998234858586,2,1,0.003
277.2267530246416,4785.428763295642,2,1,0.118
787.5202627998557,4749.087918392468,10,4,0.434
367.9756938319564,4313.146265683069,1,1,0.084
-153.8724476246775,4788.164190666465,23,23,0.629
610.6989354656422,4564.995043680638,7,7,0.014
279.45173877885827,4787.164560342063,9,6,0.017
-230.95112061725607,4741.13183814582,3,3,0.169
332.0747159378728,4795.001247426833,11,7,0.526
-12.282669809214779,4510.533092798157,9,2,0.633
248.85538228010452,4834.489990554552,12,2,0.414
291.1250436249522,4792.653301547373,5,2,0.009
109.8736583967676,4422.847671982447,2,0,0.003
449.276485736596,4749.128334168769,6,1,0.039
-167.12333184699676,4668.047808158699,6,2,0.362
80.52305830025338,4395.191270859871,7,7,0.307
472.06737001495304,4551.736692184643,2,2,0.01
226.8236730329819,4425.2941715222405,2,0,0.016
13.68326599547785,4583.423759138246,16,10,0.196
303.23183382654906,4791.99024436689,5,5,0.023
825.9415018497149,4419.022035550959,5,0,0.056
580.3509752865733,4552.707852968746,11,1,0.437
171.73632855572757,4416.873755100834,15,15,0.007
255.56507062174373,4814.954767803627,74,34,1.846
285.97163758342305,4845.7095526079,3,3,0.02
823.9364154106408,4735.000666349095,17,4,1.128
317.7610058194855,4783.163553134265,54,54,3.298
50.70296476056242,4658.755185985495,6,6,0.048
272.4703907503226,4793.782799307749,4,2,0.04
784.3532338810036,4695.585236414163,32,32,1.586
-520.5868562085117,4780.914442130959,4,3,0.001
-7.921451217081712,4718.629226880184,23,14,0.02
442.01690806562624,4379.793328710243,3,0,0.018
615.536546886101,4370.4592418508,16,0,0.387
854.7344849809672,4693.061656324141,14,5,0.262
371.3078374733038,4907.2178886468555,8,7,0.377
294.6845197890354,4788.308185852092,11,3,1.387
260.73482264516946,4793.48942146979,2,1,0.046
660.215435261116,4510.453848602696,2,0,0.09
344.8545382466199,4431.44670007723,31,5,3.294
-146.03408565281723,4669.16962060026,4,4,0.086
138.80557632812028,4837.468579763161,33,33,6.358
-175.1666472348407,4688.162126254672,1,1,0.166
69.98570621416586,4512.494853701022,2,0,0.005
544.8100316442441,4551.738975395851,6,6,0.253
277.72897709584527,4783.927200898898,6,3,0.087
762.8944386957259,4811.127630315654,3,0,0.099
-1.4026208200696806,4824.510011959068,2,2,0.032
317.7763775922859,4904.245142325122,3,2,0.125
711.1447397175328,4675.0905989135945,15,15,0.997
531.9650547770179,4501.808081577101,32,11,2.286
263.7285399239161,4786.15573106378,106,86,6.575
259.72657110394334,4806.454152552916,7,7,0.051
691.7717354013057,4806.214286770461,5,2,0.03
475.4495452302981,4816.103071586847,50,10,1.854
741.7333482027992,4662.089224768954,7,7,0.166
320.4810597774916,4805.712845690273,22,22,1.396
35.30399479912378,4836.302119150963,24,24,1.208
674.7056029534933,4690.102651409634,19,11,1.448
313.6396506795722,4845.992916146047,15,15,0.284
316.6385793357697,4806.495904212368,54,19,4.435
121.81116781952554,4849.190031005816,1,0,0.071
-125.50600260794691,4674.944246163676,25,13,0.764
106.28782311801089,4845.629187705539,5,5,0.062
275.1806272984555,4762.145880532564,2,1,0.008
618.3496910562092,4572.976045185257,23,23,0.917
263.7496855019937,4434.580865488671,26,4,1.757
754.2050228583854,4746.981845750045,9,2,0.739
201.09417985585625,4509.948728805222,7,7,0.206
618.5459811345115,4386.736600849348,32,2,1.414
618.7765806112457,4386.218715210693,26,1,3.205
320.35757790719197,4794.592429164664,5,5,0.011
262.4649363080964,4785.549637302956,11,6,0.639
471.1154080369035,4396.968687870252,2,0,0.061
566.3521050136706,4666.177227510991,5,1,0.198
283.92767016326866,4784.851944767407,30,8,3.925
797.9006421634459,4702.790023114363,4,2,0.021
286.9758667956798,4623.464396306619,2,2,0.127
-495.9474817143831,4753.2769224025515,5,0,0.028
354.97652067800675,4929.64423764807,11,11,0.141
137.8799069166915,4337.892005621578,2,2,0.049
268.95658844091724,4806.344984171919,4,1,0.07
333.161206466021,4852.211557929037,3,1,0.05
544.492292342262,4455.402772754052,2,0,0.006
252.20654966264865,4799.71875714512,4,4,0.016
436.291940409807,4901.577483802162,2,0,0.104
297.3380528025665,4799.758038532752,18,4,0.126
-223.0963319950493,4657.418864355162,12,0,0.771
268.67334871235806,4798.505560333525,37,28,0.206
702.73527971461,4645.274904651942,8,4,0.244
409.95491768552887,4910.757780441585,5,5,0.166
787.0261769052659,4416.175949316435,2,0,0.066
-38.95240916380325,4659.669147316793,22,3,1.234
457.71840526601216,4404.831091212486,25,13,3.554
262.6355805579901,4786.246113198432,42,38,1.303
268.59731589938485,4815.470199187557,5,5,0.113
296.50336546096105,4836.919864963014,7,0,0.019
781.6961478032235,4615.938279726056,4,3,0.081
-26.107240914804333,4605.2809183730005,1,1,0.017
-189.15729844075182,4763.995545949141,5,2,0.172
810.612652369145,4392.914679745847,41,2,2.209
204.14208059535176,4536.88575809689,3,1,0.065
-23.755349674588857,4823.910097099649,12,12,0.076
226.55311614572005,4432.771213221141,11,6,0.235
775.4989200497729,4436.9133756155425,17,17,0.033
98.02370921806357,4568.970325058662,18,15,0.072
872.9757363960398,4398.940115052654,2,0,0.028
349.22539693108314,4307.4621997614695,2,1,0.056
675.0032905679647,4839.10727239908,5,0,0.011
663.226748063056,4535.326059262463,17,17,1.109
403.64041529789637,4887.632933565882,43,42,0.448
444.09945910123713,4407.120524654709,13,3,0.357
63.23545475744811,4832.513390844314,11,3,0.464
547.89133702175,4762.6436763111815,6,6,0.123
415.9416342635181,4924.2354698564095,2,2,0.006
-129.27519929791475,4384.869039462351,1,0,0.008
660.0155485387514,4806.7790607377,27,12,0.105
267.1774214205123,4375.357292332098,37,37,0.63
348.32110420059973,4366.871019331231,3,0,0.006
570.9038359910003,4567.0253695207675,2,2,0.009
516.8577140226837,4798.228792917106,25,25,1.479
569.9504133708417,4566.253336204242,11,2,0.27
605.5170986674487,4563.307897927829,12,3,0.252
371.7591818005865,4454.283140117372,23,7,0.581
295.99562899304215,4846.5594020175995,27,14,3.248
857.8023853189381,4759.859522522691,55,12,2.955
500.2936164113388,4827.855672601133,29,29,0.089
264.9538021727792,4940.525839094212,1,0,0.009
285.6702654467665,4809.388107786091,2,1,0.008
-458.3559226332151,4780.053937769328,4,4,0.054
449.5916535389662,4391.229803142763,62,9,2.741
631.5907886199764,4535.594590243103,296,17,7.182
469.0200481942545,4378.92558687645,81,80,0.248
823.3698370971869,4709.5495023882595,4,4,0.03
179.78969870476087,4381.097401794516,10,3,0.477
865.6056036819867,4789.637297802105,9,1,0.211
661.5044977251252,4363.185720432326,4,1,0.025
252.7608169816793,4824.019056816651,5,1,0.085
855.0518921525653,4798.749410663959,3,0,0.196
369.91473733984475,4765.054532759464,13,4,0.19
696.2966533772187,4602.939258669619,5,0,0.068
70.7889513108644,4756.956825556396,4,1,0.021
200.845871073637,4394.8161814370715,19,4,0.556
293.39671728926135,4670.033451911675,20,1,0.003
405.63012798482794,4590.89554589083,4,2,0.012
23.27243656668222,4735.970647488379,16,10,0.215
557.7776022184495,4867.350176562652,35,23,1.27
-46.21329193249258,4830.955912887508,5,5,0.039
310.73127613758317,4821.914698148972,10,10,0.274
240.84730333492743,4803.7194202787305,1,0,0.052
-291.67105797272933,4735.638262501156,6,4,0.115
407.18750255578664,4945.789405173599,2,0,0.07
541.8960209542064,4572.602773855925,8,2,0.431
-150.0832080163003,4762.142149353464,6,6,0.118
250.1754761971468,4786.612315933783,3,3,0.005
187.42272177318213,4372.931405009705,21,2,0.396
551.624263634579,4567.6074979844,6,0,0.146
189.73464529435148,4459.197295778375,14,14,0.748
382.8637080672198,4858.1963281334,2,2,0.046
386.60005953094,4579.8033275040625,3,3,0.005
178.67989192360642,4394.286376528502,13,13,0.392
755.353390492568,4488.763144929302,8,7,0.608
109.42404715564905,4342.678380551766,14,14,1.185
620.6218223151329,4390.016273018771,7,1,0.634
-62.72897963522917,4497.125784697964,3,0,0.012
301.7667121365431,4798.311463267718,7,7,0.062
575.45469186653,4396.659321679449,15,15,0.994
-122.8865676513304,4679.538961084163,11,7,0.148
607.5238908254923,4592.556197493637,9,1,0.102
340.1933539486907,4754.668915841852,1,1,0.015
496.66805881710076,4392.9933782941,1,1,0.065
-118.14688836953255,4718.474209339394,8,3,0.127
290.122849760272,4780.233935036537,2,2,0.04
637.9288113189574,4644.81368762067,29,0,1.028
276.53428305926894,4803.693475832589,8,3,0.136
8.807842683068296,4485.933343586347,26,14,0.302
133.1181362958318,4543.204839253175,59,42,2.715
370.44002856629413,4621.128990822403,102,50,0.814
-181.77758906339034,4669.527456814635,31,2,0.464
254.37153252982768,4793.236652829744,51,29,2.405
261.2020660495252,4790.738877016396,2,0,0.109
372.17090686794086,4938.689442360697,26,8,0.309
557.5974703262681,4588.486325291545,4,0,0.061
127.54226556922526,4512.199962708794,44,44,6.71
814.5071006532478,4387.719355238119,5,1,0.079
362.8328574406161,4549.670754632729,75,50,1.552
658.9114958755879,4381.021938363327,6,1,0.221
150.06622478797095,4644.518110136708,40,40,4.098
384.0431419876676,4924.443602181389,1,1,0.043
-172.5258559850773,4755.481488912062,21,7,1.527
283.8253115680271,4794.094313188977,8,0,0.402
421.97747058319624,4464.602096038063,3,0,0.027
240.6102440810937,4892.420603580207,32,1,0.405
783.0615884726698,4698.686572475177,25,15,7.066
354.4432368709332,4762.575872474967,4,3,0.019
284.790152681786,4773.275657675272,12,12,0.327
-21.779992035999854,4510.9159849867665,10,10,0.16
193.2664235983719,4377.80539652404,2,0,0.106
10.710591918174645,4614.562130420167,2,0,0.012
127.18956950490603,4812.715164706334,2,1,0.037
157.04536126134732,4863.9560960027975,4,4,0.014
206.17775714091016,4817.455093340943,186,137,8.479
-87.35297902883727,4727.775262563225,12,1,0.554
669.6794335405395,4345.143248535409,3,1,0.027
288.379708358866,4792.169886824394,27,20,0.374
154.85105427642787,4753.035890457645,3,3,0.021
174.5590881539508,4380.970837261507,12,2,0.703
-143.20735919703785,4674.358759433718,1,0,0.043
609.4492169613552,4358.679038145065,3,0,0.013
-22.409074257826678,4358.877791681988,5,5,0.067
195.1707438638862,4807.1241780529635,4,0,0.04
274.52693167925753,4784.706161024318,5,3,0.173
300.1923451615277,4817.799937149695,4,3,0.063
677.8256890848171,4377.895543992549,2,1,0.013
549.4521863011262,4400.554271651319,3,1,0.011
271.9706706486157,4788.040259675718,1,0,0.028
542.2454548245317,4639.628468723876,10,4,0.231
279.62791132753136,4787.837866425244,1,1,0.02
285.32320975613345,4788.143269374952,19,3,0.584
467.2814354540466,4789.955889339074,3,0,0.06
358.1495257631784,4930.826673220607,4,1,0.06
219.2989206459642,4947.583720217959,1,1,0.195
548.9505588566093,4429.782344099667,3,3,0.076
323.78318455236126,4800.509818924156,1,0,0.044
647.745770586167,4356.765796798482,2,0,0.048
626.2976851233627,4356.344502877379,1,1,0.022
572.6009013686519,4539.064385791931,2,0,0.02
294.83927837863314,4792.675942313221,3,0,0.024
303.68926213468126,4811.0903372488965,22,5,0.015
-67.88367770260574,4619.289773193107,14,3,0.54
800.0244423982656,4425.915746964666,11,4,1.274
879.1232167504389,4761.408330243201,2,0,0.079
878.1751614735157,4763.823959215728,3,0,0.001
300.3070246955469,4950.007687475763,3,0,0.01
261.88617627023217,4785.746442250459,3,1,0.201
-51.3292225180082,4737.363453307797,9,0,0.127
394.61605529520773,4865.554359412157,2,1,0.05
566.8139203337795,4661.771392877081,5,3,0.073
575.3352716133718,4440.053982797495,68,68,5.882
265.36084418932035,4789.016736303995,26,26,1.797
303.40419770522806,4773.763482947552,22,22,1.705
152.66244022756038,4386.379573701274,3,1,0.054
497.9338617887491,4626.355704956577,24,4,0.341
599.2083838940254,4382.911312586164,41,41,0.521
472.2965766224692,4616.919083055125,10,10,0.04
369.68338702725606,4713.164843424941,10,10,0.058
826.6917766356711,4715.270201663947,3,3,0.05
267.74885904823253,4454.131203128727,9,0,0.115
673.5148081623304,4644.931525722491,18,6,0.511
50.19260399706156,4351.524856936802,11,11,0.532
-33.8830526408083,4688.521237254253,3,0,0.063
503.00594267916046,4401.910834655986,30,23,1.513
265.40161467108754,4802.410425698782,4,0,0.008
651.9244771075194,4551.80171088327,13,11,0.044
825.5309487337373,4409.6492295202725,3,3,0.065
802.0336436681044,4757.585210989064,10,2,0.317
560.6827582250002,4554.241255768214,29,29,3.545
319.2705233369042,4334.849475605369,25,3,0.893
167.93511360243872,4400.567661599019,19,18,0.069
-134.6847498546716,4655.387028623687,4,2,0.029
121.47246898044365,4721.878574543317,40,20,1.33
653.0073258451771,4519.0399443604165,2,1,0.015
599.8055516588947,4553.024396313119,9,6,0.157
349.8731728655219,4659.125713263358,22,5,1.206
285.32729730807023,4792.404680899932,13,13,0.007
331.4485899490875,4893.007806308372,5,2,0.131
442.402307467506,4386.315900607584,4,4,0.014
592.5329399760599,4559.190547387051,3,3,0.006
168.60071333779493,4393.138047545807,24,8,1.99
275.93807647603177,4801.666300510528,4,4,0.084
581.9490533200742,4676.240440545373,6,0,0.123
273.03144920270205,4788.173627313887,3,3,0.004
-185.82182170120745,4742.328603814922,27,27,1.799
713.3926572215956,4687.751387304588,22,1,0.404
780.4370940788873,4391.375195932461,25,25,0.131
262.47288462988723,4774.9044398404,29,21,0.359
465.77716497258774,4377.6110826310105,13,13,1.12
-41.03839133815772,4766.580007133398,2,1,0.094
363.51994577851343,4806.969804746803,20,11,0.691
169.42715999851222,4833.66570953431,4,2,0.007
551.2620194370435,4469.391875338698,4,1,0.013
-97.73944155687985,4651.946179867639,3,3,0.023
463.51986064420464,4577.508323357377,30,12,1.143
569.1946256696992,4541.539213709815,22,22,0.609
538.3740962746488,4610.440131016666,2,0,0.011
155.96111072569175,4392.377011545336,6,2,0.184
146.6468066927048,4571.519758341219,11,10,0.171
173.32104046805452,4584.872781822681,9,2,0.205
653.1552788254726,4644.760149087971,4,4,0.002
457.4391094535311,4388.093848069552,3,0,0.086
277.8691062746463,4788.719500218541,45,2,0.503
264.54034296733755,4791.126574687797,10,8,0.576
467.2067637665915,4744.803031029886,13,0,0.165
260.8970216729918,4805.241723735792,6,5,0.046
308.57645349259536,4802.928767527299,2,2,0.038
540.5304774735934,4589.734074556952,3,2,0.204
433.60615002658017,4763.584238222973,2,2,0.105
673.0356926724642,4450.893837736137,29,2,3.085
289.15158934174707,4910.569539483089,3,3,0.173
303.65279729187677,4796.420845342401,46,1,4.518
118.15632315401581,4699.032881655795,12,1,0.316
481.9533250783973,4824.9744063501175,59,59,4.528
288.6143622077003,4656.900076484951,1,1,0.003
275.7180145194163,4796.479018368436,8,8,0.07
138.10011478145083,4773.37477318841,5,5,0.098
774.078389456567,4769.959845648531,6,1,0.256
253.17546428448227,4783.340567548301,4,0,0.124
33.51254846626467,4783.495389713856,15,12,0.28
694.5891650640727,4811.257674616906,2,1,0.028
177.07817852009376,4881.651232075693,1,0,0.043
-190.23676260867776,4695.633563812681,14,14,0.275
293.5270950519676,4797.297923844487,21,15,0.808
257.9310816071259,4801.452531908502,18,18,0.33
-58.989663033413905,4483.579356806431,8,5,0.06
317.3168259446787,4764.100999578863,6,2,0.079
365.95151344583326,4919.747301289051,8,6,0.077
435.15623618934006,4412.262369545955,2,0,0.071
215.3076895761223,4412.252294080182,2,1,0.017
318.5724668034461,4753.706406930614,28,9,2.525
706.6997345340739,4617.9185963538375,16,4,0.284
238.20477070888148,4806.869886475726,8,8,0.45
499.85667869908804,4530.233953936764,8,1,0.178
550.0997665796075,4542.420308283592,1,0,0.126
292.1115708885617,4786.922753077995,3,0,0.062
562.1664360494993,4718.249756318031,4,4,0.039
241.5060198316919,4803.26393426,27,27,2.486
545.4395236520511,4571.943955471494,26,2,0.913
328.2533990091073,4792.044886616026,3,0,0.132
631.3067728487639,4363.517212205235,28,25,1.595
273.94579469822435,4796.607876652462,1,0,0.032
370.991295096647,4558.60224710641,8,8,0.227
177.54634818627676,4388.74205683888,5,4,0.004
621.9136404114145,4677.081992531208,3,3,0.029
260.1535042694565,4872.0629136269,39,39,7.869
755.6232453683382,4731.288776956693,2,1,0.003
-88.47740704327435,4642.926671939676,2,1,0.076
611.1900080086972,4660.058983763274,9,0,0.787
-171.0786861018939,4752.069723651853,7,7,0.108
193.29578718086955,4367.14553348914,2,0,0.016
191.4726066684778,4380.058346071171,64,12,1.663
552.8727340286514,4550.876813619894,9,9,0.196
163.85667774224913,4819.374834667292,10,0,0.309
-17.60476366845561,4829.8644086769,2,2,0.103
302.2203255300444,4817.344702034162,1,0,0.028
671.3907714400566,4344.273336199119,5,0,0.03
270.6479273835935,4940.638338904828,4,1,0.115
323.019544177383,4902.429109644586,11,11,0.382
-157.91243454190197,4605.287025182917,6,6,0.22
403.9402048399828,4411.705707550015,4,2,0.155
322.79878798938006,4812.103519219,3,2,0.021
694.1434018039337,4598.336809319986,117,117,5.045
550.3092101487762,4444.19905549034,5,0,0.082
125.74436214285997,4852.965243848421,7,6,0.821
161.97503408947622,4394.219148480001,4,0,0.09
399.847824783771,4920.24004271649,9,9,0.349
344.75361272202554,4960.415155706277,4,0,0.017
247.64901340372825,4341.95017191334,10,6,0.738
518.1363019292212,4428.7482936204,73,52,1.876
-56.649661824848955,4729.610262339115,16,8,1.027
205.06670152429265,4827.09715625868,41,41,4.501
276.6809335442256,4797.261804885778,4,0,0.083
268.49554944593933,4798.056471431642,16,16,0.921
425.3201740548216,4590.929166767616,8,0,0.035
267.5219268362406,4827.735595655181,27,27,1.212
298.82855742058894,4797.929918877319,34,12,0.9
313.8208106414391,4360.521527765126,3,2,0.029
298.79911513048245,4800.36050888352,2,0,0.043
528.5214315198546,4890.785858929375,13,9,0.452
208.36526789484526,4374.995070058786,7,7,0.512
117.54627666190387,4717.161866665633,5,1,0.099
234.59116383039293,4813.225818753349,3,3,0.001
-370.80598330773665,4740.975783510041,19,19,0.141
175.63476558693412,4402.0449171403625,84,84,6.672
267.0563388611449,4504.449737422923,41,4,0.091
299.4844945182633,4798.568582752569,8,1,0.475
272.6193491191934,4800.1472406973135,2,0,0.062
611.2352566929178,4369.22399166998,15,4,0.299
328.36737122785615,4764.61831352377,3,2,0.05
551.8085774986425,4554.130704881375,2,0,0.142
240.91376646792338,4573.050872071766,4,1,0.001
575.790222197273,4570.251257777422,11,11,0.473
252.14008638157642,4796.458828879612,30,30,1.578
530.1637857425445,4402.173370774024,2,2,0.029
320.3356823216084,4798.144899732979,8,3,0.118
248.48773583053128,4801.061475610578,14,1,0.104
265.1849556075692,4819.446507943338,15,15,0.498
130.04366641703217,4857.559746047968,12,5,0.082
616.6513730832384,4538.182446215126,5,0,0.033
292.7785929383283,4773.401812875214,2,0,0.038
842.8545711394479,4771.632729300714,33,33,1.715
-31.703214175813464,4548.443817427739,2,0,0.075
598.9456351609381,4598.955966536937,32,31,3.295
167.53895127042054,4456.419423436675,17,17,0.091
366.32174449418756,4921.962211421941,45,9,0.709
68.05798491135823,4679.143767458655,3,3,0.015
524.9274034372118,4409.138698126301,1,0,0.03
583.8710629020741,4572.81136664395,3,3,0.008
609.3631058093746,4374.305368150307,46,46,0.595
708.9349397575338,4581.408466794913,1,0,0.04
326.8975366170706,4788.738091755398,33,28,2.231
701.8270931068905,4353.21799639839,4,2,0.026
323.32810691293366,4782.124757730616,9,0,0.21
264.26702525023956,4794.547587485365,23,2,0.143
-42.49811728211142,4431.625242313728,1,1,0.014
17.333077529887355,4531.564759723149,8,6,0.285
92.7220583362264,4495.46056800367,24,20,0.443
704.1415840331691,4841.052293934878,8,0,0.319
315.78147756722507,4891.453805611392,27,27,3.705
539.9709510286625,4550.3856561390885,13,13,0.14
-235.8272226892336,4788.767165166335,54,54,3.849
269.6927116969571,4799.364748380146,17,17,0.407
487.7508415155456,4554.277537619791,22,9,0.756
419.29319991260996,4729.950051707019,11,3,0.033
610.1968950000338,4471.80976272925,43,43,1.219
357.75930449833095,4862.539850110848,2,0,0.017
30.10916270405728,4688.867380177117,2,0,0.009
466.8275468394314,4836.489023107893,12,12,0.573
352.194787504337,4804.329753125397,9,9,1.418
275.43835597680635,4798.98105945448,2,1,0.045
107.93371427529169,4430.453619731788,3,3,0.107
273.19132299872336,4810.327410423873,1,0,0.081
23.60720312434604,4806.453947063388,17,0,1.324
-3.90752560896935,4806.879915397097,3,0,0.021
613.9455851032017,4782.094066012743,7,6,0.21
770.0328828759158,4811.208350826199,2,0,0.005
322.2187181083248,4800.492941111563,10,0,0.044
-97.17121005685482,4645.435558032594,105,105,2.039
745.6020245149705,4808.840460843735,46,9,5.248
662.5698337573792,4506.137943271681,22,22,0.192
262.01748523106,4896.8316755419355,2,0,0.072
263.47520527793847,4795.158024769638,8,3,0.128
295.73957103328985,4812.855579606025,1,0,0.01
385.0247256371975,4867.593082557883,2,0,0.048
-30.436305606295335,4793.918868572255,4,4,0.051
330.1438204242386,4911.8243329712595,10,10,0.935
561.4777260091118,4407.841098336892,9,1,0.826
457.1535547268353,4879.921921446331,7,7,0.163
-185.4804497943745,4743.7405560168845,23,6,0.164
638.5538733682369,4390.705344680355,16,1,0.31
316.44937549365955,4646.204327562228,45,32,0.353
31.44479150170676,4838.2840489459795,12,4,0.174
529.1893728432257,4531.579032738459,32,32,0.192
610.9364533296892,4394.691056985247,27,14,0.737
110.41434803233035,4632.215117498664,32,32,0.147
422.7680292606822,4908.290742127262,13,13,0.343
243.3194742630291,4818.618218434723,139,2,3.797
627.6346997521892,4728.899128127353,2,0,0.005
232.08912896176412,4816.849640650025,8,2,0.08
482.0441527173009,4550.0783936427815,37,5,0.241
221.85867531800545,4853.299366558337,2,1,0.039
436.4678537733575,4877.533898694457,4,0,0.028
279.4480833876761,4805.572154874782,22,0,0.476
705.843706590344,4359.974088550306,11,5,0.02
516.7963654990625,4747.892205174282,4,1,0.156
289.5839556192414,4496.6052967722135,4,4,0.019
690.2955976382356,4725.0919749902005,4,4,0.004
616.1268863521376,4356.029601949284,6,6,0.275
652.6394249173621,4374.551763830032,42,14,4.574
242.10552565923834,4692.661818959733,7,7,0.161
153.3104063859762,4575.358879542532,25,17,3.733
148.87131775776643,4814.5286415286055,5,5,0.041
352.464346469712,4917.9697184818215,4,4,0.01
877.810745923951,4766.353997375417,3,3,0.002
191.77420498083768,4380.096860144629,16,2,0.476
-408.18798279283055,4751.4427091494235,1,1,0.024
714.9183042000519,4583.879778479717,2,2,0.024
699.7579547023942,4588.477712716553,3,0,0.047
127.73880997999991,4821.35251003507,3,3,0.056
475.83215104653874,4401.988303742894,2,2,0.029
827.9456610848183,4397.271120269642,31,2,0.205
523.3352721424005,4692.2943073230845,7,2,0.222
372.9555679526387,4907.569961189977,8,0,0.13
442.8869007211876,4385.443013458394,19,19,0.488
317.0701243693288,4824.906365095675,17,17,0.681
398.6232983191168,4917.361786026943,13,11,0.282
211.61009761251236,4373.940799340185,3,1,0.009
281.62767917624325,4785.19825093449,108,29,1.183
647.1493565981438,4579.323088252149,6,3,0.065
159.337705387543,4575.546562663355,62,10,1.481
263.0104739745207,4792.984959880324,33,2,2.88
560.8024137452852,4577.423511762301,21,21,0.904
227.88294419796838,4823.8583021308405,44,0,2.039
504.12187057401803,4397.126995731946,1,0,0.012
347.1958108801872,4913.989944785135,6,3,0.426
-41.50267705168782,4689.3072774599395,14,5,1.195
280.07575190294233,4788.665798255934,4,0,0.002
-450.3196984903808,4717.293255515454,13,11,0.171
822.9251910639167,4744.2246719565555,16,16,0.411
-109.45325107153319,4617.7305505283,8,8,0.355
294.45969059487817,4828.795099193975,10,2,0.271
272.09356852735436,4939.548373710997,4,0,0.009
403.0682298788449,4785.869636532516,4,2,0.117
658.6208253600148,4818.292330260281,13,0,0.813
668.7572867787081,4345.918058315528,2,2,0.039
-165.73615198468485,4738.824456540423,36,5,0.058
248.81688757427483,4796.167251037516,4,3,0.053
402.351330571319,4919.071219388412,3,3,0.039
601.5200096518201,4365.611778978526,5,5,0.005
277.06742192562706,4793.344957974168,13,13,0.271
-14.258398062133024,4445.897406627644,23,6,0.346
286.3308090050703,4790.973440021167,23,23,0.634
412.5110515810353,4903.030394513128,5,5,0.038
257.92789159321893,4792.601171105413,35,25,1.927
358.4851072226007,4794.156060783722,10,7,0.011
-206.5130648924574,4751.666376742216,15,4,0.275
121.6809158900103,4853.166402682199,66,1,8.705
406.35628422396394,4608.782222330026,3,0,0.037
550.2592922867757,4560.6307106441245,3,3,0.069
538.8597025662058,4557.524195369812,87,59,1.739
609.8993080202373,4377.542373776371,3,0,0.042
297.1674100830282,4800.646175868435,5,3,0.038
276.33735318291474,4785.8286868155055,16,16,0.523
323.36831287112483,4625.644520358935,10,4,0.804
265.0604867767599,4791.417023083146,5,3,0.012
417.250992654601,4447.81154653887,30,3,0.774
315.13256470262024,4784.601129305962,4,1,0.028
237.33012007012303,4767.259697776794,8,8,0.137
65.33279160051339,4623.70299010505,2,1,0.068
439.1448116505578,4376.598501458837,18,3,0.941
855.7738773744522,4387.935293457033,12,3,1.627
66.6749113596815,4551.18281017511,14,10,0.195
581.780193986986,4562.051850006494,10,10,0.006
616.2775782387013,4354.518669960036,42,34,0.817
361.85180836704035,4647.849409635965,7,4,0.718
524.0399325977789,4464.08346467156,4,0,0.06
900.2443650642576,4788.85447440249,10,1,0.15
839.2079385296261,4812.94887738307,3,0,0.037
428.9755352783415,4367.949357345542,3,2,0.086
-86.71868606999105,4534.481471597895,28,4,5.667
257.1560387105403,4797.616285209273,15,11,0.614
320.17549234137863,4611.409218316235,1,0,0.177
142.45269678054558,4805.848309861275,2,0,0.004
491.8420799635663,4469.672466369324,13,13,1.97
-122.58146270296089,4461.8612869769795,7,1,0.118
908.8792911502022,4793.853679843352,77,23,1.129
-61.31027696678179,4710.868673088483,2,1,0.005
544.6826468716986,4544.411398031855,3,3,0.056
669.2810613375743,4511.756646766217,29,29,0.006
819.6559657484224,4726.946922320311,2,0,0.193
-50.23888205793802,4561.113052435784,15,15,0.161
632.8087124759131,4522.449621239169,6,0,0.014
72.61305474913912,4846.9466227166395,4,0,0.051
496.4298564959261,4433.61750742198,6,3,0.118
302.9334144465558,4796.953976519909,3,3,0.061
664.508139567135,4408.315232841293,10,0,0.295
183.56338027092158,4826.63635734779,12,4,0.342
713.8321769066227,4769.034563762017,2,1,0.002
286.7653603068018,4788.296605006187,6,4,0.01
-81.11091566069716,4405.942512757446,48,48,1.884
436.8842722131275,4388.51377972729,31,1,0.126
911.7071279960303,4837.334014941814,3,2,0.02
-40.106051315019066,4480.121248833398,40,40,3.043
355.4793167559394,4915.672975259796,35,12,0.18
264.00051503904007,4817.913742962128,1,0,0.015
284.01374922486605,4801.545935791967,9,9,0.032
289.788067766042,4828.626643534426,22,7,0.858
391.7498186018609,4787.879223413839,3,3,0.136
347.07333574166387,4457.498876853669,20,9,0.627
248.01181329659394,4783.950430334442,16,13,0.568
309.3602078725361,4675.876505353019,4,0,0.04
501.96066366576605,4570.092065228265,2,0,0.038
297.0402774027981,4818.432659653879,8,3,0.089
-85.95458673653414,4625.818996648946,2,2,0.08
303.95676563770115,4779.250408956467,16,1,0.205
-163.10420518383546,4699.681400372898,9,5,0.233
892.6729895391597,4808.955116433141,14,2,0.266
275.88147038267624,4814.176668353337,14,8,1.387
266.37942758814347,4795.881347844798,2,1,0.021
172.0633684866677,4381.077639957028,18,10,0.055
553.6999691226429,4556.336074562364,42,9,0.52
580.7096292275317,4488.301294137773,19,7,1.469
222.23247790064363,4781.9797089059575,19,2,0.354
-361.3091031514262,4717.66025904694,4,1,0.05
713.9265701814327,4580.541023945682,4,3,0.043
-152.18136088122404,4683.7672803735795,6,3,0.521
327.1334503693342,4791.516808581983,3,2,0.034
262.68465522598916,4788.8618285543425,31,26,2.99
290.3094776844618,4807.831937880045,13,13,1.365
-37.461771842657775,4809.5207044556055,2,2,0.046
163.12776077483818,4836.715326495064,5,5,0.179
568.2879655667275,4562.640283918778,38,15,1.744
270.39871805453623,4940.64237653565,3,3,0.03
559.9026389104264,4553.236696230178,31,31,1.459
856.141498914053,4703.164494170808,23,23,1.363
564.2700747265443,4550.863728122624,24,24,0.769
611.3765039235676,4358.163680111201,1,1,0.032
621.1309514557084,4357.9081156344055,22,4,0.218
261.0418650586603,4798.735633581413,13,13,2.077
153.46144504953398,4838.966303109812,2,0,0.036
540.0727661549787,4536.162077113953,4,3,0.067
-233.3695809923715,4668.78190923488,29,11,2.639
523.579391861098,4456.211024618523,22,5,0.151
453.2359321033435,4499.178563952157,3,3,0.001
216.28858874301608,4558.247337600684,6,3,0.204
17.47326061743514,4351.939487920328,12,5,0.039
390.1661941840508,4970.757965686167,4,0,0.044
-48.04653370432408,4580.0817414184885,2,0,0.062
230.87547445945515,4783.050505120818,22,16,2.946
684.3940159406458,4342.398590146216,5,2,0.043
437.1350588009894,4399.472293464478,2,0,0.011
729.4054611789976,4388.073922086624,6,6,0.086
348.8279084889725,4770.889851399638,21,4,2.062
699.2817279118076,4771.68660123215,2,0,0.047
539.7607238092719,4535.959159948016,20,15,2.575
507.1480645521549,4572.1119114526655,170,170,4.423
557.2751258946084,4647.280674807266,5,3,0.438
654.7866813507413,4840.197532110789,1,0,0.002
91.88082786756421,4732.491708753123,7,7,0.041
108.25560344240128,4716.861315217352,26,24,1.3
623.132584488021,4379.6764320289585,8,8,0.666
152.33775427755018,4700.212438907663,27,27,0.007
37.87996170382919,4503.609690663755,5,5,0.042
-77.68923507513249,4678.632489119926,16,12,2.215
-81.60707708663537,4706.2932430963565,3,3,0.04
-92.67755529279898,4572.003032306704,13,2,0.722
789.9380247096467,4549.040115469635,2,0,0.112
649.0690343554647,4388.734763978058,13,6,0.461
347.70072981467104,4926.897842985437,14,1,1.869
321.7144579653633,4802.392423522551,4,1,0.062
-175.60552152442543,4744.6603321441835,15,0,1.404
240.50990069857872,4680.156122680779,3,0,0.016
-43.45017219717985,4498.7289291925335,3,1,0.09
452.68150853076384,4576.6302412797895,2,2,0.018
-62.40780664102641,4488.195054521912,5,5,0.084
829.048089070586,4395.015945392375,34,34,0.114
279.68242431229135,4821.910986352796,2,0,0.055
602.2983332940009,4366.303279335667,9,2,0.004
-28.20463669285148,4824.0411473016775,16,4,2.244
-253.8719304699612,4671.073633820786,5,5,0.4
272.6800313711953,4794.840091019536,3,2,0.031
211.72207765361935,4526.253718807996,23,23,0.108
-78.37818820337385,4723.944531734731,2,1,0.073
544.3869656923868,4551.374667209718,9,9,0.04
280.06576358058305,4908.766644404311,4,4,0.044
289.2849395785685,4851.380589792471,1,0,0.004
660.4749120425379,4797.349796773433,40,11,0.009
476.3378840010255,4534.36366988008,2,0,0.005
138.95648932364543,4806.7243065561,43,43,0.71
728.9800744192203,4352.471334976224,10,10,0.078
628.4062264721709,4359.484227668694,4,0,0.02
760.8267221344757,4650.025644669798,39,4,2.251
533.2551826276651,4547.39702887923,2,1,0.256
511.244287504784,4402.760205921476,22,1,0.237
248.40836300656224,4936.998283564255,12,1,0.268
279.55438744899396,4784.481884361822,9,1,0.263
299.79008964039616,4505.983339551513,4,2,0.028
572.0128782457953,4373.275820893192,17,0,1.238
537.1442617210033,4542.107414985342,6,6,0.052
267.02733065194764,4785.263534652611,5,1,0.008
651.3621951139779,4837.691618025758,7,2,0.002
-67.6769132961136,4704.453468162707,33,11,0.778
238.41179307234154,4784.588068285916,6,0,0.407
383.6414829942928,4554.36509594972,3,0,0.039
338.9651590072813,4809.522135486907,2,0,0.061
-11.982103179831281,4822.886122785258,51,14,0.971
286.0673266889976,4784.889224021558,10,9,0.798
761.8327909071215,4815.23323369003,2,1,0.111
355.8923740770393,4898.245024276724,6,3,0.187
328.04679178355104,4766.951191618948,30,2,0.264
262.8009085239705,4784.628370380477,19,19,0.046
392.7154084071318,4850.07646650884,4,0,0.016
698.6989557398326,4492.284269401758,3,0,0.016
520.7950411353478,4532.664435454901,7,1,0.095
-176.6819787034887,4808.908499446899,4,3,0.008
-112.8625463501655,4667.684253220119,3,2,0.03
843.1501694651732,4762.241626446594,2,0,0.015
312.0295510528555,4784.99681674109,3,1,0.069
667.878486473068,4368.334769405109,6,0,0.086
276.91424422631883,4787.949480436161,6,6,0.312
246.44616614684438,4830.556291733032,11,0,0.389
-148.44545073732274,4748.369702217102,3,3,0.001
916.9544752456334,4783.671104972237,12,3,0.527
127.70117915821328,4834.200190808502,8,3,0.211
418.68519787489885,4825.081809243338,1,1,0.062
553.0122148807734,4621.8588889099,2,2,0.02
-57.94020606976146,4689.832669629016,4,4,0.05
-249.23682221053735,4684.731751864331,2,2,0.016
320.5277425719786,4901.892157802333,7,4,0.003
635.7637071760472,4375.3011491594325,4,0,0.087
793.4900897538878,4402.74701801938,3,1,0.032
144.03092371342328,4839.451142046347,6,6,0.101
309.5322663368499,4828.3828647762,9,9,0.244
283.95861796321833,4356.0333764550505,2,1,0.094
449.6016464633399,4388.448378628774,46,9,3.171
257.5561132286981,4832.108254141397,15,15,0.083
314.97633808345125,4804.636732288572,3,0,0.075
239.09211189931042,4785.741160939652,14,14,0.443
-211.53490603278212,4716.37058102267,1,0,0.004
788.1469097387295,4831.322242570151,11,11,0.711
-19.036780275644418,4475.30068665811,17,14,0.249
88.84503226273557,4667.509936749634,12,12,0.106
312.19651494043114,4805.078262631709,17,17,0.796
516.1359465639451,4556.79128121125,49,49,1.449
234.34186549559533,4783.366403607092,8,7,0.169
-214.42399468388513,4673.107064736258,2,0,0.014
179.1887187049164,4515.931116637584,16,11,0.582
497.96045395504893,4528.440908283933,2,0,0.046
-357.38152469309733,4717.767584399508,4,1,0.004
642.7305745415836,4400.030567576781,11,1,0.579
304.5699607318596,4793.73129043041,58,24,5.737
810.3313477720106,4378.24046797998,6,4,0.077
570.3190161079687,4629.9032926344,22,22,0.184
356.60470652751934,4372.539902901165,15,14,0.205
297.10069032154365,4826.689502446942,16,16,0.47
111.68863472243615,4683.406407975712,4,2,0.011
288.4857793208861,4785.884950472602,24,17,0.037
255.7979852926126,4782.165237697952,198,153,1.37
274.4374785028624,4789.957083915053,12,12,0.381
154.36678554250742,4580.62691004319,6,6,0.207
731.4540319199269,4355.645886837289,1,0,0.006
265.08178617376586,4785.970496687143,2,2,0.038
633.2081659556674,4497.957181291571,1,0,0.01
723.0853326783802,4571.4568642352615,12,12,1.034
195.162532327801,4394.5947524172325,7,2,0.252
536.4994492963632,4416.0280484525465,13,13,0.814
544.6923633670908,4489.167888885721,1,0,0.019
137.24749483478988,4835.1189412314225,10,3,0.561
477.601953252993,4515.515690520646,2,0,0.024
604.8360604281978,4519.320628782777,7,2,0.479
595.6243965323101,4593.9823629405955,43,9,1.833
116.24313476148345,4427.412363624144,9,1,0.063
559.5765025111672,4390.594019819421,2,0,0.229
615.4840737291139,4552.897026240495,22,1,0.453
448.39359017893213,4367.637910907391,11,6,0.304
271.35841320632284,4811.691198588736,10,10,0.449
273.89689267911467,4789.3809117318115,32,7,3.705
577.5915142592818,4416.0726560679095,5,0,0.039
350.41331814738646,4894.219024135981,25,3,0.718
256.0498053616583,4814.496416104772,5,1,0.122
304.6856194654313,4784.546241013885,43,28,9.057
215.48664170278394,4520.604962054581,10,1,0.03
-183.9798513683889,4662.685547828682,21,21,0.254
447.00016847636863,4470.66332037931,3,0,0.14
524.7291919584859,4571.746770436875,3,3,0.016
316.0665393515699,4478.820688381408,20,10,1.302
316.1750689020067,4812.761711836651,9,5,0.068
213.32423308101772,4369.464199759148,12,4,0.648
185.26857036186468,4341.6710201221385,2,2,0.029
867.480794501417,4766.456165563684,12,12,1.408
455.95103174562763,4437.634823415904,17,17,0.372
268.3932142324454,4786.055021385888,10,8,0.018
22.595539124430893,4570.783703143037,69,31,5.014
364.9852107367689,4553.458514871613,6,2,0.022
317.33550172573416,4729.352037654698,33,15,0.61
379.9170299025738,4891.41862287745,22,22,0.599
329.98756051170034,4785.17214889264,5,2,0.003
698.7482822410692,4508.746065704703,12,11,0.919
597.2109958216906,4599.505258762134,29,3,1.361
-80.57155235611184,4830.73344573487,4,4,0.069
606.2201176687793,4392.056535520508,7,7,0.108
601.6574730199427,4738.640911583753,172,172,2.181
-37.30272060437983,4810.281369487698,21,3,3.055
295.7596548252587,4872.744781188387,3,3,0.081
-139.79199625925276,4721.1759791264785,10,10,0.088
820.7357015978148,4753.176636865302,2,0,0.092
257.51463590775523,4785.865028975129,8,0,0.256
565.3487162304684,4684.597034949696,33,8,0.406
-168.5829008920509,4373.446642909017,24,24,0.901
-487.09349815018805,4769.574308788616,49,44,0.177
272.26081550381986,4785.170369805736,98,98,0.071
278.0005733717774,4688.368395170921,11,11,0.784
296.50851514377143,4812.160613256953,28,10,1.407
701.7884942848536,4345.134341717691,1,0,0.046
59.615981931035336,4613.492657844259,1,0,0.071
-496.79569020981506,4759.286284240928,1,1,0.026
669.5155677915906,4599.662952718005,8,4,0.205
-124.15098556558503,4642.135105233923,12,7,0.478
302.7125619183256,4812.112138061522,12,12,0.179
106.67252916609127,4680.7330239713265,7,7,0.291
559.9025316774818,4562.441357598447,11,10,0.998
-54.35891475681926,4488.3793094927505,2,0,0.086
297.60764753787123,4879.577541130901,3,3,0.008
296.94905564441257,4819.245418988161,3,1,0.004
347.1972335026095,4822.678460998342,3,1,0.111
-160.10836781597496,4735.204555775832,15,15,0.093
245.86690489470615,4838.565925653835,53,53,1.782
356.8148661163733,4869.100548339726,36,11,1.851
264.9909531408192,4785.885060768483,10,1,0.002
-52.454136451111566,4641.405558871452,12,1,0.227
170.24051981423912,4878.706088542403,13,13,0.202
381.1442137865825,4845.62952991494,25,10,0.51
663.5399763188102,4347.7291300540155,24,19,1.159
-90.01120928304456,4819.735136659342,2,2,0.03
597.8263895648972,4665.840976880301,4,1,0.071
610.1152463376935,4709.671766962913,2,2,0.134
-490.3919259732156,4768.167881299931,4,0,0.025
299.51672181481575,4794.496445985234,18,18,1.167
269.98485373738237,4870.801968464466,10,5,0.189
398.73681222006536,4893.533714680768,32,0,0.97
388.2184609933637,4366.2742700517,1,1,0.052
265.31453007948255,4392.95075289133,25,2,1.843
700.3491561258778,4663.577668603688,7,7,0.106
-425.02412121247596,4744.210026845813,18,2,0.236
294.1970178836272,4944.94868628488,2,0,0.063
-118.62427151220743,4588.311648373476,12,12,0.596
269.7479026043973,4812.838674209495,3,1,0.047
282.84776006527943,4796.599794441797,9,1,0.131
-29.960478155937118,4827.71494921942,11,11,0.182
817.5324756107002,4391.583805734112,5,2,0.04
857.490621557267,4836.633168239906,49,18,0.783
320.9784723376586,4811.201465914199,1,1,0.004
288.0431235945273,4778.926361768966,1,0,0.021
119.26578386671486,4423.629905832464,4,3,0.01
629.0160490886346,4554.826625041287,15,10,0.303
14.796190575695242,4708.920528407823,86,86,1.685
-69.55201829719265,4484.718744652584,4,1,0.006
-523.0830143213116,4746.13387003003,5,1,0.122
898.9066406649974,4772.425707268329,2,0,0.12
371.8308157310525,4684.58434286083,3,3,0.003
358.7198987239782,4925.483870555208,24,13,0.301
423.538098462873,4738.797589972706,13,13,0.217
284.70895861299664,4785.041294166184,8,8,0.117
-39.47327063171616,4500.704220220755,16,15,0.064
340.03544699015924,4789.495516366167,9,6,0.121
612.7557384862538,4366.981091971018,3,0,0.003
709.8276840624702,4582.79825445963,3,3,0.106
243.68889981559795,4738.009714043372,4,1,0.019
338.3169294370668,4780.612227498321,2,1,0.277
222.36593965193148,4862.765109539166,13,2,0.021
39.59897855530534,4844.412604372105,33,33,0.216
261.47181013416724,4816.977061671813,7,6,0.059
347.8405723952146,4781.928649725432,4,4,0.075
302.27857215846905,4797.168580489719,2,0,0.101
685.0415001348586,4714.568506390304,4,4,0.025
-497.42227669787735,4795.77460362901,5,0,0.006
781.9264650985805,4373.581933539696,6,1,0.023
505.4187427535633,4528.666981002282,1,0,0.038
145.39657295665006,4861.130342018711,20,20,0.558
245.72957338274313,4733.462691742063,12,2,0.204
327.3248167657275,4516.661204444684,11,0,0.052
300.90744126234245,4801.148005762037,24,22,3.071
353.6924139692948,4299.904143220384,1,0,0.031
82.37274625907283,4590.456906949037,7,7,0.009
270.65390660697216,4786.260768467249,19,19,0.069
631.1942545213856,4494.609106406949,35,27,0.183
316.67808783173916,4793.01818100033,3,2,0.027
669.0104382961999,4682.137853546943,43,26,1.401
678.0656520299041,4542.715008088046,9,9,0.392
347.5036656186637,4567.902779342257,2,0,0.009
468.9187635675673,4415.820676080464,4,4,0.028
489.102706113806,4448.3079601101945,56,2,4.037
298.97803112949214,4799.624464631698,9,9,0.14
-281.73335078146926,4727.89506856176,11,8,0.606
258.03621371126064,4799.810410795043,10,0,0.277
549.8631556920242,4461.829923102624,23,6,0.332
145.697020614269,4577.287550886124,10,10,0.755
299.01970405079993,4796.6553615392395,22,0,0.404
273.3836568296774,4537.7883176724135,12,2,0.033
779.2078659745705,4818.795340831616,20,2,0.886
645.3566400421265,4350.922785800093,2,0,0.107
680.0031382214183,4561.301999966751,4,0,0.008
268.9969846642504,4784.498540207049,5,0,0.296
-163.32363422505267,4664.951992180708,3,0,0.02
572.6630990880615,4584.272382629265,22,9,0.38
553.0156465916178,4539.761331477265,4,0,0.046
722.0935267627357,4747.462619976499,16,4,0.463
562.2996164806583,4690.720754254786,8,1,0.038
263.0227624978857,4389.110555067644,32,32,1.509
231.40348172467714,4794.391386169086,36,10,3.035
162.52869596611814,4787.592261941134,4,1,0.029
676.2241099786286,4529.303248836738,14,1,0.007
533.4579885241288,4419.0106132527835,49,0,0.279
275.04795582008876,4811.023207763625,29,8,1.923
487.2156986551493,4409.354146731482,6,4,0.101
583.5222610631027,4544.19115914594,11,6,0.274
275.00537088046303,4791.347577719438,7,4,0.125
529.3215717811449,4570.934403968003,83,83,14.152
299.24710627340954,4814.40849759993,2,0,0.02
864.20579864642,4770.202612005131,19,19,0.827
570.654372139482,4671.868138876142,4,1,0.001
610.9397917738689,4591.196185303679,26,5,0.762
280.420515672606,4804.425441272161,32,4,0.249
218.00828416109715,4715.144147443551,6,0,0.127
-207.07269638741542,4785.159918057626,6,0,0.197
708.7335479212302,4671.264699988815,2,0,0.064
357.0716961724292,4916.338656006765,10,0,0.14
806.1655220706106,4768.658323257661,15,1,0.653
-165.36424307582263,4663.65394846568,7,1,0.079
444.2251716573597,4392.789459683296,6,6,0.107
273.8222045514145,4839.015940307609,18,0,0.652
335.0929138665869,4740.855778697383,24,20,1.171
28.22594004315606,4720.769854671578,6,6,0.325
-55.80214678723606,4829.432537268458,6,6,0.501
487.82683272704077,4594.346653227423,3,0,0.011
272.1462942738269,4799.779952333848,8,2,0.091
273.17617265854193,4824.42003335691,43,10,1.073
-22.44823235086628,4402.6653869342435,4,3,0.039
-461.4154404105714,4759.107352568953,14,14,0.896
549.3789319091098,4406.608936502252,48,48,5.683
625.390021298019,4353.836333670864,2,2,0.009
278.62804954399326,4794.302866865402,11,5,0.592
160.17883043329851,4785.5982136387065,34,22,2.735
345.6861033577091,4358.557156975465,39,7,2.178
607.1786189544885,4581.447520871785,10,10,0.558
563.3867198244042,4418.768697711417,1,0,0.007
-331.80996873134706,4760.922589795636,11,6,0.524
-437.31298805423904,4782.8147646091775,35,35,2.731
97.63522003220483,4762.745285977757,10,1,0.286
46.224125184121576,4633.980423874715,2,2,0.024
306.3516407189702,4805.452571074761,9,4,0.233
600.4739823532624,4570.33361407717,3,2,0.117
121.7171059507401,4525.490683725206,9,2,0.517
480.41057605368275,4874.018568072322,3,2,0.037
-462.13165737322737,4780.347752451278,7,4,0.129
791.7565907920695,4790.638687135735,25,10,0.177
386.5964974480473,4652.416250288073,3,2,0.062
310.5014224435924,4781.940018509274,2,1,0.127
576.5619207290255,4567.685677058449,36,22,1.893
344.12435461511996,4767.482655435557,3,2,0.069
213.97850966218155,4386.870170290295,12,12,1.12
169.53738614760246,4451.280475076624,20,10,0.096
328.25289530143596,4782.759612380982,2,1,0.021
23.731228206940617,4457.280317261231,23,4,1.367
610.2259821325825,4354.487769870786,75,9,1.526
-183.6462046405621,4689.564054312196,34,33,2.006
783.701081671963,4782.1403284094595,11,1,0.59
357.4730003718121,4923.077174117565,6,3,0.111
185.63994468679232,4449.352597981375,6,6,0.253
774.3046935732324,4385.29961421208,7,4,0.085
209.80218812654627,4790.816294272094,6,2,0.044
786.217866414859,4804.058977726402,5,5,0.294
-109.01344922362397,4623.732121960652,2,2,0.017
628.3748553501855,4355.077401291231,6,6,0.101
365.2501454660526,4562.264264555034,21,4,0.327
71.43956566173298,4672.690367817696,7,3,0.412
166.34435728635657,4383.434813431613,6,6,0.074
824.2270746466356,4688.033106027164,10,10,0.3
202.2849168203098,4824.853946130231,12,6,0.794
356.5326119455483,4828.42465301729,7,7,0.178
-2.6192903764088333,4693.753744438752,8,4,1.071
617.6553254687942,4365.466217929408,2,2,0.007
671.8700510795517,4377.6099104053765,2,0,0.024
-303.8777689458331,4759.594534593158,2,1,0.158
544.8412939893336,4598.88030233354,28,21,0.225
436.34029208751735,4385.959821853025,7,0,0.005
179.29799847356693,4539.814221305479,13,13,1.122
258.89052696413967,4800.939057911961,1,1,0.002
-148.93140481501558,4661.173896109377,32,32,3.402
702.0769874043663,4802.3997045648375,79,63,8.868
690.3454651682919,4816.469288702648,10,7,0.569
165.517343644752,4557.6064592753455,20,6,0.387
270.5246267663756,4743.513007373011,38,36,1.173
552.0839564895879,4475.052985532971,14,3,0.843
556.4593044379078,4547.953359607677,48,8,0.082
586.513223053775,4395.83671201637,7,1,0.046
884.0461681083286,4792.974008794209,2,2,0.154
359.4574068790788,4898.2079381885305,34,1,4.92
293.53318806615357,4777.176543483147,33,13,1.67
836.0296872827997,4737.086610277878,2,1,0.168
868.5590461127648,4759.573305607491,14,1,0.319
310.8234523825238,4784.878472357218,11,11,0.018
210.1682337357567,4716.7952415637765,26,20,1.919
647.8022076914357,4449.677913232893,6,4,0.022
-108.88242522192353,4812.9120263555005,1,1,0.001
686.3810924100864,4666.5565807149715,13,13,0.275
371.3342879089159,4739.339736154662,24,24,0.485
613.7787946483819,4411.1860761123635,5,5,0.169
787.6388502680416,4382.120909034884,26,1,0.238
675.9651834694647,4604.552784381281,9,0,0.585
373.76282146331255,4372.579082281956,59,38,0.718
260.6014269926529,4806.940279976994,3,0,0.083
266.9199602717395,4784.760554727883,5,5,0.201
351.3098580467149,4555.699673190497,8,0,0.001
131.0759462039807,4830.191964735671,19,19,0.203
772.935427613084,4816.962072228376,36,7,2.846
-135.5986767629445,4690.0936096977985,8,0,0.022
200.6899846312605,4826.480233308355,1,0,0.073
601.8246925626054,4357.839542801824,12,1,0.512
-30.034582614614443,4810.974520902486,15,3,2.833
-49.54099298880009,4688.498469873015,3,3,0.002
-181.02647163943493,4724.080101496958,2,0,0.051
8.015597035431858,4807.7762036434315,2,0,0.019
259.8811548692304,4768.322265472945,5,2,0.081
-80.60917657171663,4659.361540927483,2,1,0.099
290.41020284079195,4784.0718447533345,53,35,0.489
292.96198845765423,4795.413928838025,15,15,0.74
-219.86277408497702,4769.825345804337,52,52,0.041
276.2494227905373,4857.7899525545845,72,18,3.098
189.27488233259348,4556.594134666833,1,0,0.052
273.39278187266524,4819.465977781093,2,0,0.019
-205.2734585526323,4735.61312196272,10,10,0.187
543.320528089011,4661.009203566149,9,2,0.077
403.4219552106454,4793.150720529959,17,1,0.542
-398.8876894783657,4767.851967490969,12,12,1.363
291.46972425306745,4846.648053048351,2,2,0.025
19.43367119828385,4542.772017639648,46,46,1.734
82.91307914833378,4554.354225929627,4,1,0.005
270.2477400262735,4795.949964696375,3,1,0.009
692.0762297335647,4773.985936809549,34,13,3.8
290.1902566870562,4791.856589275801,15,8,0.039
-333.91757047278685,4705.555156410516,1,0,0.056
389.72451440598815,4621.657621254407,2,1,0.037
84.21351031747558,4751.282329644249,13,13,0.055
273.3951897895645,4793.761941431379,6,4,0.056
242.0723748602744,4486.329857476285,27,16,1.35
277.0704134186027,4791.010614790355,8,8,0.084
334.3382057092453,4921.852352022375,3,3,0.063
255.65813816275582,4799.330861632381,6,6,0.076
611.471792382314,4360.742273455005,4,1,0.03
317.31920763723,4799.1358926325265,9,2,0.147
4.679898497262397,4456.513624772507,2,1,0.009
781.134603286279,4764.306507163331,1,0,0.007
660.1373456062303,4356.948079206898,5,1,0.247
183.1884262399665,4699.49546562441,5,2,0.06
278.5740618850613,4798.7198385266065,6,6,0.007
262.7552481264906,4629.4684204810665,11,7,0.351
356.7017530006733,4902.861926277491,1,0,0.086
303.89038444934454,4785.933335739562,15,9,0.301
843.9832346907415,4706.149416832948,4,2,0.039
-314.0778519031901,4731.875745400075,42,42,3.908
288.89517800155903,4803.884010314241,9,5,0.763
253.5934620027465,4587.6525729290015,23,18,0.255
682.8800292012878,4372.916788125035,18,11,3.253
111.47102674299735,4822.5647388788975,15,15,0.495
362.5986707513343,4899.205432573102,1,0,0.014
162.76992731526764,4399.166969757045,6,6,0.044
869.216210522001,4723.448983468391,4,0,0.027
281.0228467494258,4786.214854508709,1,1,0.029
368.1418720628199,4709.626619744298,2,0,0.106
283.29439413759616,4798.991129798395,2,2,0.042
286.09692038132596,4787.371850967635,8,1,0.464
39.00004734704136,4783.630057653652,16,0,1.343
281.3599768033415,4801.300707945642,2,0,0.069
267.7225529082191,4787.312650290431,17,16,0.507
168.18360921424843,4397.407455025754,19,3,0.34
403.1706763742472,4883.461720018239,76,30,3.888
319.7854360890156,4742.121440475273,6,1,0.33
193.3164904412449,4458.4911205322,6,1,0.024
2.557060494777119,4631.408760364055,14,14,0.084
689.080892435705,4826.315335118493,5,5,0.031
-447.60276687645836,4773.671521658096,30,19,0.293
-4.501474570241801,4815.988188329214,7,4,0.158
873.4796171422267,4763.591744942158,2,1,0.002
247.09420050957797,4789.310048092187,42,6,1.307
835.7069785922349,4770.1573767325945,3,0,0.114
450.22869973136915,4873.378392672193,3,0,0.018
-434.3172025770252,4755.61619280558,35,11,0.593
-389.69243503718593,4792.076424659969,19,10,0.339
676.0224828544399,4815.553982935518,22,1,0.726
638.1745292516518,4377.575856436936,12,4,1.242
893.7484887520244,4786.314985334132,5,4,0.151
363.50030791042076,4916.845473521337,2,2,0.099
707.7563743009208,4514.2506592516365,2,2,0.057
-75.05074136367386,4554.796670400856,6,6,0.174
175.094750535317,4842.604887729275,11,2,1.159
326.93238923376566,4774.764676312281,2,0,0.085
267.1023662732737,4587.188670399568,32,25,1.522
-27.274668457976073,4797.572621164338,1,1,0.032
545.8824926389101,4595.897053455376,1,0,0.02
470.27286659419116,4860.781065884133,9,0,0.082
821.175310407181,4742.31296830134,2,2,0.027
86.55904780863774,4775.009021866551,12,12,0.154
-181.3648018853211,4612.5196855444865,17,5,0.082
506.5748762748279,4397.6067967165945,35,3,0.055
73.36207580418511,4679.342807220685,7,3,0.012
322.0939130231971,4788.813658149045,7,1,0.651
153.79769530431736,4822.039855847624,45,32,0.154
499.6752709821107,4544.2772547567665,8,8,1.087
376.9995351180291,4919.38870182883,20,17,0.946
777.5042646274645,4814.478011915714,4,2,0.267
269.8232392236312,4785.076697881754,4,4,0.005
607.260721626452,4358.233583139462,2,0,0.026
337.4019842312194,4775.466348558742,2,1,0.021
591.8035219290299,4531.507212018616,52,13,3.485
266.32843802248095,4398.880497404952,17,6,0.437
237.4496287833464,4679.947009433319,10,9,0.753
256.2595372588001,4808.445419210415,22,22,0.026
46.374318453233435,4699.740059614867,2,2,0.072
291.4456894608574,4797.670994233414,71,71,9.417
109.58557263190188,4562.972941268601,2,0,0.055
135.15452652285077,4388.685009566646,2,2,0.074
537.4277481474408,4496.517148978555,2,2,0.047
-369.65343608725027,4720.015878815928,1,1,0.056
295.9951925912514,4789.557368285005,5,4,0.13
171.6022924437974,4728.229856288984,9,9,0.898
-33.196128865711835,4374.582807796816,8,8,0.291
782.4107997651578,4685.174053052449,10,3,0.017
150.82518893935116,4825.069827413737,7,7,0.678
253.58651002498425,4804.299643271043,9,4,0.009
184.48542098812263,4377.5664594090995,3,2,0.034
278.82585091940354,4805.803446023394,8,2,0.31
455.15372756601147,4798.75964284577,5,0,0.557
327.5648737988238,4770.518832318339,5,0,0.01
789.2304119904909,4735.260089696398,4,1,0.028
-246.2791539676079,4765.426068982338,31,31,0.573
298.53091443531815,4834.5735782604725,1,0,0.05
625.4677917049531,4363.803493858187,13,7,0.137
365.9787262894577,4851.276020123518,2,2,0.025
-126.79504086636736,4721.673116775263,2,0,0.02
439.12236887909506,4891.11317731197,13,13,0.181
160.66842177972583,4795.912719312103,10,1,0.19
760.4814279679937,4683.382302880219,22,22,1.175
614.7549275217664,4570.102797992119,10,4,0.069
863.6171294893885,4811.920376887572,6,0,0.0
385.2896689950247,4925.475425469415,4,0,0.017
775.8341033509668,4726.576163616516,3,0,0.093
847.447880113218,4440.271191379626,50,24,2.753
580.4603770751489,4413.378960075967,1,0,0.08
-177.21785421354275,4676.723606856077,7,7,0.127
197.256076805728,4568.878901046231,31,31,1.67
287.57162246234265,4658.220442607499,4,1,0.098
-203.13977933176287,4783.382587748374,51,17,1.047
686.0165796863423,4395.92699518085,19,8,0.865
401.4106977460116,4890.4759157506305,34,34,0.458
261.4639394443777,4791.063951339416,51,6,17.621
715.2916500880923,4780.936095587573,3,0,0.014
77.9408627602217,4387.874202916136,18,11,0.233
362.59889190373605,4356.723215857836,10,5,0.981
274.69752594555695,4831.5924079839415,4,2,0.034
-12.018872779859544,4746.998355780989,4,0,0.019
815.113883566355,4390.4290901141885,24,24,0.749
690.7350807067559,4566.797673655559,9,9,0.097
821.4837021487871,4419.1963931136,5,0,0.026
-17.190246827342467,4351.135275675962,1,0,0.006
804.6746062505817,4787.7634074159705,2,0,0.045
345.41661161056817,4926.2473330047505,3,0,0.181
335.85661417679466,4800.80386204918,45,10,1.217
361.89196957441635,4552.048980437929,8,8,0.161
262.11280919198555,4788.149431083568,10,10,0.073
616.5166974937049,4592.694834309234,2,0,0.02
-374.3725162790688,4723.938342882158,3,2,0.08
542.150211742062,4563.007384672085,6,3,0.123
361.1408835721266,4587.345259392942,59,32,0.424
377.4494006750112,4860.603000227166,7,6,0.04
305.0891205618994,4781.809640344219,3,0,0.107
551.1402962375354,4545.343832458433,2,2,0.048
608.1511567777158,4383.29382602399,51,33,0.782
-116.90842306338534,4649.651009629427,1,0,0.035
249.63553285313995,4948.0467674892,5,4,0.019
317.0611743552285,4759.776287481134,45,7,3.118
369.1602347917658,4614.901321004979,4,0,0.066
-337.3919115912229,4703.7900365873065,3,0,0.018
270.8838971448178,4802.834307861481,23,11,0.749
824.6248581184561,4390.342716890893,40,40,0.505
153.50750470420914,4807.616888588696,4,0,0.026
74.70658930254012,4679.494287137163,2,2,0.128
432.1903338545381,4835.896247599025,15,15,0.223
304.7643453513563,4790.444003536472,2,1,0.012
701.1651997962165,4783.636548546181,7,3,0.497
45.46251974378855,4825.255770849775,10,10,0.617
549.7169983976561,4550.529333270023,3,1,0.061
675.0695518738677,4812.300462338555,2,1,0.071
-170.39756690830828,4673.410471213249,17,17,0.785
431.92181251789657,4920.491987278921,33,3,1.626
336.1206009299974,4921.86262511511,46,4,0.953
742.3220180186099,4527.6199815571545,16,10,0.672
347.8443229028689,4790.45320118533,6,6,0.204
166.5840482460663,4835.746696298876,1,1,0.047
719.9459318165699,4352.666178703018,11,9,0.073
355.2944236889365,4574.409008751849,8,1,0.097
584.234060687552,4403.51959863077,5,5,0.004
255.6614235331959,4779.226276795163,19,19,1.025
145.82532098459913,4830.917539251681,27,18,1.126
-39.258657848425386,4471.492280166947,4,0,0.004
438.03898239457857,4446.420229517797,2,0,0.001
852.1524866568506,4512.96866037499,7,4,0.306
461.6013453355654,4744.730648285262,25,25,1.566
326.43048247362805,4878.150027466368,4,3,0.02
-221.46881759951577,4768.326112429243,4,0,0.01
694.8225570165192,4565.9377071593535,5,2,0.219
450.11146296631927,4409.52857210171,21,21,0.594
802.5102391449335,4366.627615289369,11,1,0.228
369.6474696561,4918.514181810402,37,4,3.687
616.9360903248488,4362.90334727285,5,5,0.037
439.60395203299527,4377.343839302917,25,15,0.185
-57.16021987260917,4785.870389446857,8,0,0.502
557.5360492604024,4431.378717884796,4,1,0.051
708.0147465321617,4813.8462084265575,3,0,0.006
689.1588178660542,4814.815983907222,29,0,2.804
805.8875922083182,4387.649252894152,23,23,0.577
143.12678595871068,4371.741807892498,2,0,0.008
849.4715118420637,4774.661202424248,4,0,0.011
404.81543348116304,4385.2595712756465,9,0,0.812
554.5878933748326,4786.29719169492,5,0,0.055
-8.893336770961346,4725.754776553974,1,0,0.004
630.3891475489899,4351.194486797023,22,22,0.078
-62.26133517918515,4705.299775304514,4,3,0.056
-16.801279767913197,4525.360441674969,11,1,0.8
266.53460931604803,4791.528071363295,8,3,0.21
282.2332935139867,4979.993107682314,45,45,2.322
540.734489535003,4575.361059861887,16,9,0.016
-46.44245239590832,4478.789116896297,36,34,1.386
608.449632051047,4368.42877165403,1,1,0.014
-332.2138436065897,4806.296176074781,4,2,0.056
60.28521958052915,4724.1685737259795,2,0,0.021
279.06094491860785,4793.345868081666,2,0,0.003
134.80138238412496,4822.447049333422,33,1,0.274
358.4748746919475,4923.087898650435,139,60,0.181
826.296517214128,4704.824023657352,2,1,0.032
274.45153279195574,4788.381461453919,8,0,0.48
29.47743177560815,4729.347556658242,14,11,2.562
320.0221065763423,4353.286352187545,13,8,0.684
164.28935281972193,4716.260008880701,4,1,0.008
-65.06935898650048,4502.070392101268,17,14,0.111
314.33067933879994,4759.730835713315,74,74,6.001
115.85419356674193,4625.167898231015,45,24,2.193
549.7058946583481,4574.073505914752,4,3,0.023
147.56130269529191,4367.689721975029,28,28,1.271
798.8017963687037,4741.194680193254,2,0,0.023
485.704208299833,4716.1263569486655,7,0,0.304
400.5651135031114,4910.352609268787,8,8,0.469
277.37578236042293,4780.695590512178,12,12,0.356
127.84653923145473,4854.811957943608,5,3,0.168
377.07356808286687,4917.372669076755,37,14,1.643
674.3805612281984,4353.1685527457585,2,2,0.06
680.4421255652474,4752.81723697035,5,0,0.053
666.700966165673,4405.296599723696,2,1,0.393
558.1707988220649,4567.564671841549,7,6,0.117
699.0676871687248,4389.2775565732545,3,2,0.02
56.039007249638914,4613.562279502336,2,1,0.007
123.21399427248637,4382.613347132778,4,0,0.01
-306.4441466698828,4754.786938767131,5,5,0.269
-23.80124835725588,4806.863972185089,15,15,0.354
300.9415478097075,4793.08004342055,12,7,0.157
-153.7334368112349,4666.452453713091,11,2,0.529
332.4711419602679,4826.027282321854,5,2,0.018
836.6387570224095,4414.53941878847,11,10,0.077
725.7399824860854,4554.902578230705,2,2,0.057
149.8259921795394,4806.577399986526,8,8,0.122
-172.9233705220189,4690.161449036289,4,3,0.155
945.3329287746756,4780.513785560381,2,0,0.032
230.2029132211165,4836.50152345195,3,3,0.003
789.4670188333698,4374.409961517336,45,6,5.258
21.838732104916577,4630.163808608438,3,3,0.03
-171.45108784049614,4697.482776598152,3,1,0.009
40.67048955855904,4558.520876679278,3,1,0.0
-429.011212757383,4732.200281540777,2,2,0.048
324.48034276881987,4756.950145212419,7,3,0.002
680.4432777041455,4470.251845220672,4,0,0.016
229.26106077166472,4784.162742391021,35,13,4.392
608.9862493357226,4376.488271477782,3,3,0.064
711.8743209799579,4777.279372732768,12,11,0.157
598.1635710713068,4382.839497151735,20,20,0.096
392.6794236974113,4368.224942263921,9,6,0.084
349.1285823295151,4300.876086941943,4,1,0.01
-18.307021096997136,4491.378126070154,4,2,0.153
-187.72600556225163,4725.414890047209,4,1,0.125
692.3011745937649,4780.980571492139,3,3,0.035
361.4675577344614,4916.673290500303,50,25,2.133
469.40530739568294,4388.147935327726,17,2,0.604
581.8120889986087,4490.916939206278,8,4,0.25
852.8536663945367,4783.915066990398,5,5,0.162
282.74795643341395,4795.135749486327,3,2,0.017
589.1040992286921,4579.460112621135,9,9,0.185
473.33478410246283,4381.980684272269,24,21,1.354
279.47837845235944,4793.237337101413,6,3,0.237
136.96910063068253,4856.194244670232,26,18,0.881
745.0090121198783,4391.8390644541005,6,2,0.037
615.5529829189661,4829.708979395881,1,0,0.049
245.00238202134688,4803.191215207914,10,0,0.093
267.70876827503025,4787.445244930311,7,7,0.167
681.1502065651039,4424.087737969463,39,7,1.601
502.9906492210596,4686.858190309038,3,3,0.082
342.18244159416525,4837.94044731859,83,83,1.115
315.02065369347514,4795.31432520313,7,7,0.127
-63.58478790447172,4489.556113075668,17,17,0.475
500.99736816533255,4415.278876968764,17,17,0.158
204.63114676585596,4463.898356236504,6,6,0.142
606.2751923154484,4367.991045374308,7,7,0.142
-159.60795008856414,4808.873388816631,82,57,0.961
654.3678790012913,4636.187226061353,4,0,0.01
385.0592273671087,4653.9293910598535,21,2,0.122
694.4289904376474,4355.056395148625,4,4,0.031
698.8534113627371,4787.949232526342,4,4,0.041
639.9418023449973,4526.765941369337,48,48,0.725
-52.264256811835416,4684.264510546278,22,15,0.024
354.74222203437415,4553.7472703621825,15,9,1.513
-52.886716207511625,4644.982140337746,2,1,0.028
702.4198603067997,4842.525438572859,6,6,0.091
344.327000110927,4394.27547738846,12,6,0.353
411.68777143536045,4814.563141459158,15,3,1.101
167.142692015845,4399.261005006141,2,1,0.029
378.0053595810154,4926.105965644081,4,3,0.038
130.7259233183174,4832.748432028932,15,15,0.287
637.5409531737834,4519.246747378751,12,12,0.114
255.80052442961514,4798.419276087957,5,2,0.044
-24.34686919690943,4477.163623720494,45,4,0.257
539.5117657132154,4415.85051616232,29,29,0.175
617.2508263574682,4678.279698440016,3,2,0.001
-41.910055036075775,4597.554448921215,12,12,1.03
10.811769429214888,4675.399547558289,6,6,0.016
16.880273541261175,4648.315274270886,1,0,0.046
277.3035661048004,4775.57212069925,31,0,2.013
-71.0016772708397,4745.803964267555,5,1,0.081
412.17627731206596,4597.7862708188195,3,1,0.003
548.4215920536742,4648.263411088076,60,17,8.284
271.0165106729639,4779.327962696896,23,17,2.895
-224.5734814240589,4719.231939136801,2,2,0.009
-51.31675960646712,4826.529633113331,6,5,0.266
369.40697351204545,4923.979813267092,4,3,0.003
620.6446809258099,4536.831817058251,27,27,1.268
474.5041816247699,4851.64382002571,32,32,1.146
619.2400515116186,4387.545055507884,5,3,0.261
111.63844727673889,4392.9842788432325,14,14,0.314
770.7535542677738,4641.512175436152,3,3,0.015
254.3560848461064,4784.285669751691,3,0,0.004
337.70111560641783,4312.387560723999,57,29,1.227
381.57715780767256,4738.0972850738035,3,3,0.038
532.0238810837707,4416.63401712814,22,7,0.157
277.01427074744663,4782.878371027695,2,1,0.026
288.2714254459496,4805.261443475647,3,1,0.01
751.066580376574,4809.900431411227,12,0,0.271
216.78230682139852,4930.396427756291,3,0,0.033
-179.88283393669673,4883.015864090585,1,1,0.015
-201.86691108825687,4719.256240990434,40,32,0.965
254.15584999201133,4459.560887561659,20,13,0.074
-466.3959665380863,4748.5850504320215,11,0,0.104
626.8835044367762,4406.340753028713,8,3,0.038
861.5849998943012,4762.5576782481285,107,18,1.226
344.32482771024723,4566.253501291025,3,2,0.265
-373.4116386605532,4709.802056354512,2,1,0.057
369.4489887144178,4885.023297229801,7,0,0.006
713.5289280454667,4842.860958856552,2,0,0.153
191.11154727915053,4918.127607544298,7,2,0.077
333.04667113773485,4918.983197549404,39,2,2.406
-33.413775705707565,4681.731606758245,3,2,0.022
291.4541992578846,4784.028168564838,29,23,1.93
228.00804005573437,4707.902161894931,12,5,0.362
631.1656141964781,4419.29490064577,7,4,0.028
261.4529503743523,4822.729306168983,7,0,0.315
-160.30052977802495,4669.207716366542,12,11,0.104
-112.61654401002662,4703.208013642115,2,0,0.074
974.9907462273135,4788.1470704031735,25,23,0.007
-483.9099983841773,4758.009847849486,7,7,0.526
457.22069733715637,4815.894505272504,7,4,0.155
296.02070634446056,4795.115879522514,1,1,0.047
336.8925614629163,4790.343899702794,2,0,0.018
550.6279144726761,4573.928106651389,22,5,0.646
246.94715679383333,4778.95097315708,55,44,3.248
125.76961927200314,4689.639441784294,6,0,0.209
286.58213757575857,4793.464012203489,8,4,0.18
265.1162284033066,4790.244662373872,4,4,0.144
435.681234293022,4526.718863861551,2,1,0.1
265.8928189695973,4792.832239894172,17,17,1.041
-121.82583070747985,4482.182121575743,1,0,0.042
262.0558249652834,4809.734540001266,24,24,0.041
562.3137145528286,4545.976389319262,51,4,4.057
324.45010628211,4667.635837992519,11,7,1.11
755.2950315711715,4764.485059869948,19,7,1.386
808.8659648607196,4381.966812470751,3,1,0.113
623.7686221675336,4546.929219775079,20,20,0.343
297.14149720560295,4634.653086334651,15,2,0.613
132.2869288710089,4860.817570466047,43,3,0.329
674.1407039975451,4554.0396139919685,4,2,0.123
359.43555421705656,4924.130893266163,15,4,0.323
287.5014332774764,4787.195830952659,3,2,0.056
757.531941633646,4422.069945790733,25,0,0.181
172.28107263146464,4385.371891802254,15,7,0.054
307.5352759582092,4796.359860422657,7,3,0.136
-47.900987930109125,4804.335196029956,14,3,0.283
264.9043519893557,4798.6006995606685,5,4,0.007
-19.73976433683863,4479.427926258699,2,2,0.029
647.4987741890166,4346.160248882007,2,2,0.006
-36.30732263002788,4841.770754500974,6,3,0.07
-51.0856909262902,4659.6530118288,2,0,0.081
246.38606987502047,4853.377294403649,9,2,0.235
705.6393422874825,4557.952607708001,2,0,0.013
331.25461875586785,4815.0522176909835,12,0,0.27
639.4942075418998,4583.544801744456,1,0,0.04
-48.60548901238218,4751.73555306785,2,0,0.006
388.4046663639788,4384.041989214556,28,28,0.398
670.0824058454035,4378.283006715183,3,0,0.226
-100.14041961949435,4610.255134565092,20,5,0.851
297.16175660531735,4918.751508893296,30,30,0.108
275.3573552716812,4792.247121016091,2,1,0.042
-33.872936791329295,4493.590962027794,4,2,0.003
511.45122597282784,4422.388783676076,33,23,1.112
275.8722293311597,4788.997759481404,6,6,0.66
267.34610255351424,4797.360489573861,4,2,0.023
31.33428994907364,4733.868700811382,6,6,0.145
549.7575487704808,4564.837239678091,3,0,0.035
299.2481736622048,4798.337283282629,15,0,0.232
-205.18879170267448,4760.173070912058,8,4,0.1
290.44994561011396,4784.865833363147,3,0,0.17
164.25321775362863,4773.299572956256,6,3,0.309
190.94316579858764,4382.367351427505,69,69,4.704
623.4536801583251,4790.621598395126,80,33,7.466
-60.26152772241976,4490.401761156496,11,1,0.113
264.2833769263574,4800.419653585243,10,7,0.544
249.1066637668239,4797.257516151032,3,3,0.024
383.4798430844226,4657.015700860873,60,23,3.355
606.251235569746,4676.105215123222,1,0,0.065
85.39110322471231,4833.948239357555,6,0,0.024
776.5753681577961,4399.026696724249,4,1,0.02
543.5927720689483,4438.5357600462885,7,7,0.08
125.89063497243103,4817.158164932547,30,30,0.69
304.982772126782,4814.857969738369,17,13,2.027
135.72638821107716,4815.741650031628,3,2,0.004
152.6289761852752,4376.764552752637,13,13,0.549
78.60734448355359,4472.30109742093,10,2,0.634
604.9270600286403,4855.729139811825,62,30,7.696
332.72788215817747,4770.81911593186,6,1,0.046
-81.9887992966905,4395.7358655188555,12,12,0.794
316.46860660192044,4769.955011318456,7,2,0.061
531.109851838567,4573.707568131453,9,0,0.501
292.3880230033985,4826.93720602784,18,11,2.4
56.145348401035534,4642.164503871257,26,26,0.284
-28.16484180853957,4510.19559724214,14,14,1.001
-274.99952957254965,4699.555768793093,3,2,0.067
276.76936404309305,4597.442545293868,5,1,0.067
381.3632069234506,4688.895675721794,2,0,0.004
316.6770433082527,4805.828922055782,1,1,0.021
256.65604527921164,4805.921172199899,5,1,0.153
277.871595881917,4781.340469091894,3,1,0.029
-92.10408792651462,4610.581405589835,3,0,0.03
606.2138050268827,4361.362066827032,2,2,0.07
46.56673284645397,4321.654938714053,2,2,0.011
450.5444513214255,4813.113528191647,3,1,0.015
492.3507587403626,4878.899401994853,4,4,0.019
614.6789274388823,4406.451020619293,16,14,0.47
416.03031462768297,4395.038170576297,22,11,0.496
790.6784906176254,4413.9157203681025,3,1,0.095
681.060130269071,4424.914829876503,2,2,0.046
286.8151679694794,4801.030151818155,12,7,1.178
348.6982979269142,4920.613391862078,17,17,0.085
856.1983155065433,4833.039414754913,33,33,0.964
61.84669458578125,4556.614324067898,8,8,0.075
638.7736205810228,4356.718669408714,5,5,0.141
291.53478636592536,4787.854901771274,15,11,0.352
492.97783990807915,4529.56254990872,4,0,0.061
512.7285011027026,4607.71534001358,4,4,0.004
629.5991649717696,4642.652147147485,11,11,0.182
28.3732781678993,4833.221799642894,12,6,0.538
542.5373552900521,4464.7012961010105,24,23,0.7
631.1598007763653,4356.7782664837205,34,1,1.116
-5.253350851391626,4598.01202390006,29,1,1.055
-176.94861222380993,4674.752343235643,3,2,0.013
787.884057005472,4718.302648915842,3,3,0.068
-148.4930581725408,4753.782423311413,3,0,0.135
178.43892007421834,4925.690819108559,14,0,1.278
271.4191275458541,4795.3498102300555,28,18,0.095
610.6730596853802,4362.127340498476,25,7,0.858
282.85101574057467,4917.519603289284,23,23,1.414
839.755974356723,4400.680132841809,19,12,0.272
631.4271300674437,4372.889918129754,7,0,0.598
566.3856019310208,4551.850731742995,12,4,0.813
272.00207166496557,4785.158005464507,11,10,0.321
283.74804336367305,4780.718896880835,33,28,9.233
-111.51721395695277,4561.554477989792,3,1,0.032
531.9921795535869,4609.668058046213,5,4,0.051
679.8537732398172,4515.561972767312,5,5,0.009
265.7488219644119,4784.419668934881,5,4,0.211
289.7730602075056,4779.132535814173,7,0,0.006
443.7561697567132,4388.984697011459,22,10,0.234
19.704398443120237,4493.344062164283,61,61,3.54
53.7023960149403,4511.826027089187,3,1,0.009
-136.92452260653909,4715.453422815944,44,40,2.866
330.51929612429785,4910.778616925938,3,3,0.018
370.78855887591186,4483.000705988519,10,10,0.196
136.8208856426358,4455.969192335195,2,0,0.023
893.071214866303,4771.485406297682,21,4,0.676
239.0835662390017,4798.715113255411,39,24,1.667
233.62164242372975,4816.477016569265,2,0,0.016
595.6742994111637,4550.821043282852,25,8,1.879
360.16345666155274,4340.120085591263,15,9,2.429
227.11591610411625,4837.983312606211,4,4,0.072
568.2229621766612,4424.553244531278,17,17,0.183
-46.937673666624015,4606.405941835963,2,0,0.015
273.8762682322361,4803.307607338615,65,39,2.625
614.091896645621,4358.394647070642,5,3,0.04
334.93931771490224,4662.261049632322,26,10,1.268
76.2358355588724,4842.884560829341,2,0,0.006
349.70676557894535,4810.510782719736,6,1,0.046
361.40304853445076,4883.075212424186,2,0,0.009
285.549028206178,4964.6710493580595,6,0,0.396
487.0440312455315,4603.612906326771,5,5,0.057
250.42848229763436,4717.054717006033,8,8,0.403
325.59185090773843,4585.110542352161,4,0,0.093
369.11920775374523,4776.239363660864,5,1,0.043
340.3800084372713,4601.12765851156,4,4,0.049
274.2286284972103,4950.489052670444,14,14,1.032
-49.893775526693965,4813.488575782958,4,4,0.166
413.7557999543234,4872.296458590032,9,9,0.257
253.5468919485172,4794.33337864931,3,1,0.006
355.781041558283,4352.397321646788,35,35,0.891
397.2055518959683,4517.852523220505,12,12,0.277
875.0055163474744,4787.1434063143915,9,0,0.045
449.3108252315173,4416.091165924232,11,2,0.453
50.04219027063221,4562.885337601733,47,16,1.048
598.0675680895937,4573.147657463799,1,0,0.421
-133.33672061639678,4756.295107505014,1,0,0.134
-146.77461553411783,4752.504366926668,40,40,2.341
570.9840921984866,4455.198075656599,3,3,0.083
387.0823658604656,4498.536110035856,3,1,0.056
280.99811245605594,4792.928656242011,26,16,0.293
7.365696791694449,4377.372357719004,23,8,0.421
118.27461435448652,4867.725495764451,16,4,1.028
404.20861647995963,4619.932508869531,10,6,0.62
86.95739581377345,4859.2484832773225,18,10,0.04
630.0977618311451,4854.831434820941,12,2,0.244
-13.93494297363906,4686.136426209644,1,0,0.015
343.3046797268079,4797.492363023066,7,1,0.052
382.74346726735973,4388.309222647878,11,7,0.141
318.49930389076354,4738.053191142152,22,22,0.759
599.2023060752205,4374.029101751801,33,29,0.679
565.7871615827117,4400.56783156509,7,7,0.055
582.4110539810433,4565.460178035662,6,5,0.104
714.4134735058664,4348.224429078778,15,4,0.072
561.7878565049438,4417.830490267335,13,13,0.244
159.53685621794662,4405.661732818347,4,0,0.16
177.52660674133543,4801.317042812613,2,2,0.037
691.967490562549,4542.6145886997165,3,0,0.022
612.0528515333226,4556.914206451581,93,25,6.628
102.72331281415943,4584.455115666355,5,2,0.022
457.6764048932268,4865.03793626729,4,1,0.078
274.68865667889406,4769.799600351359,11,9,1.191
581.702551962511,4549.438698701575,40,8,3.317
591.0723363445918,4582.502607525362,5,5,0.018
280.83798034699817,4797.349140853799,4,3,0.025
256.68545385203396,4801.97647304022,4,3,0.042
-38.21881365927783,4411.930826814229,19,10,0.506
566.3691339729924,4393.272047386438,4,4,0.037
-42.87701172525099,4811.034223970066,1,0,0.057
306.61329397266115,4908.022608065361,10,2,0.166
-112.04156469030333,4485.3612673114385,29,11,3.63
255.86587624037938,4796.180875897895,7,1,0.351
493.4345984318515,4624.0485678549485,19,3,0.14
290.78586505875893,4818.328427222763,8,8,0.156
269.33726310567204,4783.563301520548,22,2,0.598
379.5949705826664,4716.750617049758,7,7,0.202
269.6138143402828,4789.49814736587,2,0,0.134
380.94601210182145,4727.971906644823,6,6,0.132
383.31111957075495,4358.509768336,13,1,0.156
539.0627155986202,4556.8938397882575,4,1,0.032
300.77473891649475,4786.62325112993,12,12,0.356
315.1950009672233,4939.982321681292,18,4,0.256
399.11008940980685,4943.451128006442,1,0,0.079
293.80487947516485,4790.24517529799,2,0,0.014
-259.41934940156955,4756.699324450128,11,0,0.238
646.3941570136166,4381.089712686014,71,71,8.889
382.3374219587426,4772.382137891609,14,8,0.768
-151.2685487937756,4691.486691490544,10,10,0.085
364.8136170282101,4551.165571807056,12,11,0.022
297.7290599489258,4904.886982304209,3,0,0.014
287.33096617124,4794.368271533944,84,21,3.851
349.34884619503123,4912.838970882934,24,24,0.734
830.3895569205539,4705.611008578219,9,4,0.11
244.33125208461436,4796.356962325447,5,3,0.069
311.32497985910953,4784.075279405604,8,8,0.531
661.9528201920556,4353.326347660437,17,1,0.248
289.3547287561741,4797.450898845891,10,10,0.414
194.30094177716106,4394.131608932596,30,7,2.906
619.8653096218795,4533.342153171873,15,8,0.426
534.6392583965658,4541.738650501237,29,3,2.995
249.43016455922537,4810.228799483889,6,4,0.465
610.3829769641673,4385.627571019716,2,0,0.053
218.9753136380422,4794.689840094694,3,2,0.105
270.7090284835668,4675.372416750473,12,3,0.259
-174.37816319779697,4612.800802750396,11,7,0.442
542.2282206604108,4548.953814640331,5,0,0.079
162.40101921894149,4677.754407633406,17,5,0.016
438.3756248093305,4583.349562945756,19,5,0.068
549.2939409914546,4438.517264205459,23,0,0.166
77.57879876580013,4413.5596071358905,94,94,2.298
603.4646100627557,4395.301094573186,18,14,1.164
709.0670375938583,4840.761310474772,23,8,0.321
-357.19783609737914,4781.338855651068,27,3,1.193
663.7547379905589,4619.547480154064,11,8,0.306
254.1392539623773,4798.471115599734,15,2,0.49
558.8269707888553,4576.772377782496,16,1,0.241
573.1465964019674,4403.8205543873155,8,8,0.132
399.00147449076195,4836.313715867943,19,19,0.196
439.82163227134185,4387.172766295378,8,6,0.102
18.002769155995303,4853.448213795523,11,2,0.207
169.8447782058586,4705.527351441868,2,0,0.043
552.5908670391639,4576.566034442109,18,7,4.029
433.51589356529666,4358.5635536340205,4,4,0.047
-33.7058079621459,4682.092500215974,15,14,0.13
295.4397305153419,4797.286452356751,37,17,1.015
245.69712235341373,4836.7123861475175,2,0,0.037
16.946638507182637,4388.701862945199,3,1,0.013
702.5070241974431,4351.518889021623,7,1,0.093
138.0051367724925,4586.1384214536665,6,0,0.002
-185.2998898976235,4726.826104265326,3,2,0.016
-508.8551840627303,4762.751001766566,8,8,0.191
389.3146176125285,4916.252523302318,6,6,0.02
576.74629589099,4565.843789012106,3,3,0.028
803.9706516566273,4378.230472301566,108,56,3.098
302.70455435545256,4799.386870118277,5,0,0.233
607.9350776096675,4377.298378275135,5,1,0.036
258.5247620387096,4773.942004796025,16,10,0.584
200.8975779242232,4750.257660905719,3,3,0.147
268.2346511212924,4799.827768809662,5,0,0.062
416.7675863998579,4723.620305738269,8,0,0.098
239.26326299219193,4790.049053389588,18,18,0.722
646.4065579969418,4788.994037412822,8,8,0.14
646.7092580400097,4507.291076347381,7,7,0.003
328.63042375234426,4909.566842478937,38,13,1.792
-1.341559576713248,4755.696924692842,2,2,0.046
307.3827024257257,4783.36705184735,20,3,0.526
256.51877086916056,4789.8250047596,8,0,0.083
86.43350333639374,4681.270167441523,2,0,0.113
727.396943836391,4811.625885215744,17,17,1.106
250.9701578930797,4782.379946672429,4,1,0.0
278.2713461803123,4806.234125939935,4,2,0.058
-159.10866107349568,4674.270145485675,7,0,0.188
218.41824074524564,4781.273865673827,2,0,0.015
-254.40905184055973,4681.862191880517,3,2,0.214
445.4706659547533,4412.377257713735,7,6,0.13
183.64527201637242,4412.256043929755,25,16,1.877
337.4095704673261,4909.989894702742,13,1,0.665
809.754481433019,4413.130110102834,5,2,0.031
689.4615042608434,4465.106977772205,26,26,3.647
615.121803003778,4359.728804104266,6,4,0.433
293.68659650270286,4791.063649650271,34,11,2.835
668.5945177832965,4512.759329254204,3,3,0.096
-121.9264700725439,4718.384671670087,2,0,0.036
308.0355779275089,4817.103263966463,4,4,0.021
268.489796099403,4801.363038515833,49,12,0.918
264.0198558410841,4794.019151657167,29,29,0.141
509.6492335453684,4411.590635652572,31,31,1.887
621.0032590451949,4427.173337210216,2,2,0.053
344.09405485550417,4915.961678327214,11,1,0.309
236.40723346128593,4682.166462813222,5,0,0.016
449.4657415925605,4610.0467175586855,11,11,0.117
362.2490207180642,4842.377921949299,8,0,0.105
692.6373530882396,4781.612290774438,76,51,5.792
264.62001855146815,4371.373323478138,3,0,0.138
720.9871907332066,4359.196556024256,7,6,0.06
568.4811244118675,4574.1762772864,16,5,0.568
886.5530190019614,4808.118872627321,3,0,0.015
283.34566959626875,4927.8914742328825,9,2,0.281
-181.72651636282652,4731.5395947061625,4,4,0.05
271.1310287038406,4789.044183770089,22,22,0.675
699.5566214361853,4748.274623846991,13,2,0.539
605.850284552022,4391.478115177031,4,2,0.124
322.633105299023,4789.774313661897,13,0,0.119
708.7859283025081,4366.365000782657,6,6,0.181
200.56745245474048,4927.265710902846,15,5,0.095
584.8592501362086,4376.5956120572955,25,12,0.453
164.8129847545911,4386.412383388568,2,1,0.012
317.78851687144953,4402.792100976517,5,2,0.061
-109.4334100073337,4510.80283359195,6,3,0.152
342.6428247068842,4760.420258929031,11,3,0.15
-46.380243513480025,4480.207225680886,10,0,0.271
752.1357205431976,4417.950181048923,8,5,0.055
378.00021505139887,4827.9881248134525,7,1,0.217
605.143151890134,4360.088848703054,4,0,0.066
829.6493145506171,4703.861725341845,6,2,0.104
334.7494906690899,4822.5897677955845,24,24,0.585
418.95855290947645,4718.456341240306,10,10,0.118
78.16830318122764,4587.355491598345,17,8,1.245
-218.88245503067765,4774.024047002286,20,18,0.213
329.4333167482904,4799.212487614683,17,10,0.942
352.2198009253783,4902.185733837656,9,1,0.06
213.49987012561078,4614.306485762952,4,3,0.132
271.1720192365932,4788.0206274432885,8,0,1.629
437.8882427363312,4392.646963193253,5,5,0.01
407.8982935423426,4735.50166471698,64,23,4.714
-319.6502251671471,4785.218405655637,27,10,0.551
271.11861270938607,4814.781930394303,6,6,0.157
603.4864846891876,4672.126264510577,8,4,0.114
285.2695294678213,4794.9322323146735,31,0,0.319
272.0045282575992,4798.333858454216,1,0,0.031
-82.81250718706663,4483.522155841191,16,11,0.375
266.7932333493818,4801.996384378185,3,3,0.114
579.6746244189123,4428.6652053916905,10,10,0.856
50.150597769645216,4873.055370953484,7,6,0.196
602.4961427863885,4800.895503694233,11,3,1.075
234.3827321440487,4839.305661546506,9,1,0.139
-26.775778527222514,4467.844884869991,5,4,0.228
268.7311605468868,4804.452330727284,2,1,0.12
388.59374282187605,4890.26138275211,13,13,0.092
291.2100261031519,4786.640886888387,2,0,0.098
396.5147968390584,4379.176484917996,2,0,0.33
345.70609249942265,4975.469902680897,13,1,0.606
336.3390903161742,4466.283142618465,5,0,0.253
345.83287812392297,4946.338728144414,25,25,2.401
711.392499239621,4617.352000110535,4,4,0.033
276.39851103381756,4800.45980124755,50,50,2.057
391.78382343755123,4371.764031596253,11,2,0.591
254.32965014932108,4360.8184481067865,7,4,0.057
415.7602578060086,4384.259094044614,11,1,0.426
715.3567519335664,4586.095378200557,2,1,0.056
265.04351961548747,4490.591225528419,3,0,0.047
143.1734848902543,4776.684939372885,90,42,2.045
309.31497529897155,4789.02366096908,10,3,0.047
280.60914885097014,4816.422782512572,19,15,1.059
-51.365532076439585,4479.51300050039,11,6,0.054
274.07358653946073,4793.925070391281,17,6,0.77
490.7429067315358,4537.9058343835895,8,1,1.518
273.4903368765759,4791.070406630056,1,0,0.318
561.6031972031644,4462.1146400554435,3,1,0.009
-60.204745789952526,4517.771710857817,79,79,8.13
-488.099307927127,4778.970972191214,2,0,0.103
702.89350483145,4625.150784730674,8,1,0.035
397.21294244811645,4787.687306657161,3,3,0.047
291.75894977538604,4799.405479229467,28,17,0.502
545.2849039026489,4574.838834079903,1,1,0.011
287.6273121195724,4924.692092485639,11,1,0.105
576.9795210294209,4771.460618353634,3,3,0.09
-76.79576726037247,4842.393914184531,8,0,0.15
386.6029601798216,4596.750866704502,2,1,0.161
867.8686601256973,4765.878696013511,8,7,0.389
-32.5337035354283,4486.167558786738,2,0,0.265
446.37342801236264,4888.8371821460405,19,19,1.061
159.2272564558205,4854.460638184579,3,1,0.133
229.67961912977668,4649.388004402739,8,5,0.197
775.1445876802679,4794.387213630762,6,2,0.092
305.2894726217715,4784.636190624347,3,3,0.053
521.3072126612832,4560.064528017381,27,4,0.054
228.20771281305937,4381.015997361713,12,12,0.127
735.2268837190537,4722.91403572834,14,7,0.411
-161.9354594055767,4769.882553675846,12,2,0.239
19.116786226904896,4730.43570825894,7,1,0.129
292.37725383727155,4786.222387007659,3,3,0.052
647.0611101233997,4521.941276609806,36,26,1.148
677.9957919310535,4533.886745326301,37,16,1.751
-25.983535365896522,4825.6557068017355,1,0,0.03
-36.310454600753964,4518.798819977521,1,1,0.032
361.27512913627214,4906.323810103466,28,4,0.114
694.2048848949509,4840.6937202958525,16,16,1.264
206.1356129572503,4727.135783435496,22,22,0.346
383.8992401467681,4861.118017291665,13,1,0.674
359.8263290684025,4768.1811007986735,6,6,0.388
267.8113533832455,4784.290011039513,10,10,0.449
566.9184174906065,4406.750520103851,18,18,0.176
19.62065327564413,4528.820341232837,48,20,2.272
-14.97504432919781,4499.868277443297,10,1,0.386
607.4834108548928,4382.794934220883,2,0,0.05
687.5120571620728,4356.164592514949,3,3,0.028
650.7826291648403,4623.581985598907,8,4,0.096
247.83193083679205,4797.2037698787935,13,13,0.035
252.71054860326686,4407.53157704505,4,0,0.003
281.6250043899245,4798.19496550709,3,3,0.001
649.4593484101638,4862.906382756862,16,0,0.151
-27.303606039214543,4836.368139026828,2,0,0.073
559.8173126541342,4577.423340684766,3,2,0.019
85.87885729163077,4666.774345599866,24,24,0.315
285.42285886515856,4800.853981273743,8,1,0.124
-451.26550309530194,4728.746793351669,3,3,0.004
783.8686754747188,4549.478995265491,3,2,0.09
308.4540425820056,4388.414587824244,10,5,1.165
-71.3910602246144,4730.177483050056,80,80,0.014
720.5963713413129,4601.814013497072,2,0,0.013
710.6972358623268,4379.431040360752,22,7,3.878
863.31053238092,4400.878097126377,2,0,0.015
304.6381894757284,4768.068719042901,52,52,1.683
827.1157529473719,4708.157385274534,1,1,0.034
278.9117890208559,4797.325297545829,15,15,0.07
839.0133284000495,4698.183177230463,8,6,0.155
677.0234455834593,4830.699926282375,92,47,9.934
607.98627364927,4362.977946024856,2,0,0.089
608.3147768243393,4362.891898234835,3,0,0.123
-262.28203999077414,4757.246776794779,8,3,0.139
825.5278857889779,4729.7200024463455,8,8,0.02
290.5546092429336,4806.533665683247,3,2,0.109
-424.9790218908002,4745.618142481923,3,0,0.062
600.2795551831894,4518.32246836267,7,1,0.221
-55.76526549603777,4852.231655199206,5,0,0.059
585.1531299463016,4457.7542376783795,7,7,0.184
299.6257600047875,4787.5258978413685,3,1,0.043
342.78885957218995,4830.698570663329,2,0,0.037
532.8830375082812,4476.6054361300485,14,3,1.889
577.2277720715183,4586.702756050127,11,7,0.335
558.8123384038039,4551.882211907975,3,0,0.04
4.257114877100131,4695.1622749468615,9,0,0.454
259.09091908234586,4788.360569095686,5,3,0.078
48.237036341977095,4635.233366793363,1,0,0.025
-94.52699335806102,4592.860392510951,21,5,0.449
260.12578894275885,4792.750890152654,10,10,0.083
342.3203659568181,4799.402162653933,36,33,0.513
693.6258836972503,4585.583328763395,12,12,0.033
378.0769330125211,4810.264343635274,11,1,0.819
218.27954597452057,4810.38438341394,1,0,0.052
430.3770406256559,4781.437942927729,3,1,0.046
430.0402168563124,4399.735409372282,2,1,0.145
683.8411604140445,4412.859657953223,12,3,2.036
316.7660502805791,4787.498108269174,10,10,0.027
452.3020236063669,4648.063884948885,4,4,0.001
240.27155884260193,4804.510862287492,10,2,0.545
230.73515058151054,4761.625611065725,2,1,0.073
490.119095262833,4546.983231691886,21,21,0.333
417.0227831154907,4423.149798535672,2,1,0.116
734.8794130709447,4569.365956280833,3,1,0.021
294.3029920340571,4802.377157085864,6,6,0.208
706.8552990422924,4659.5973587442395,14,14,0.79
592.3339153192662,4455.693371249663,3,1,0.031
-54.13428325427597,4377.243093461913,8,8,0.154
362.3124775944229,4560.962365748734,1,1,0.01
193.4709981293103,4509.2382885668985,10,7,0.119
321.57690690190225,4908.902493954135,2,0,0.012
366.9137017893895,4845.531574220785,15,15,0.412
290.17171407672146,4448.104312675066,7,7,0.094
228.08949584854818,4747.03044426017,9,0,0.458
566.9228984663852,4558.078571916012,6,2,0.037
324.4495920889473,4335.069871657782,2,0,0.001
36.052135239886354,4727.237951727391,3,1,0.017
47.56090884601303,4548.798143288742,10,2,0.085
254.5672591803871,4704.295346658055,2,1,0.024
211.74928523841345,4742.2071302343875,7,2,0.013
343.88801515587704,4891.340933905637,20,10,1.436
268.3929909292548,4398.957758188684,12,12,0.628
-231.90877844077144,4683.000671191866,3,3,0.089
305.29073560379993,4788.688838354254,26,1,2.705
263.2268804548234,4804.235504423814,48,10,0.406
278.7831648231705,4791.676117470413,34,14,2.607
20.536557236370758,4677.215539550845,2,0,0.095
-3.424805301990756,4500.636334156293,15,10,1.098
250.96985180988602,4793.64236375293,5,5,0.066
304.1485027963912,4813.330132966719,25,11,0.007
256.7677564986556,4718.164771646418,27,8,1.925
14.098564786150137,4505.532711241211,6,3,0.061
543.656706820733,4556.567289907863,18,18,0.071
257.0607860640742,4878.531205107148,14,8,0.284
274.7015613111455,4772.4799145261895,16,16,0.517
271.0420241277926,4830.150487466594,4,1,0.031
695.1597087982146,4676.1909575593945,19,5,2.071
-170.65915614006568,4724.839791990083,64,64,4.957
266.5067553845455,4782.379345255428,3,2,0.021
267.1151935096723,4777.432628226739,12,10,0.191
189.17482315765827,4827.896244509679,8,3,0.125
600.2281106169734,4437.505899800634,55,55,0.699
-172.32814507633287,4688.583246948273,5,2,0.035
839.1347277275852,4393.385039813688,3,1,0.043
264.6919777953277,4785.241714681485,3,3,0.006
254.77657152368621,4685.515393569521,14,4,2.125
302.48865413295016,4786.392170361688,7,1,1.173
397.79922918002825,4516.055352204372,14,3,0.16
80.59971407427943,4436.704025000883,6,6,0.237
269.1713756064473,4783.794503068365,21,1,0.005
262.30005296669236,4788.9628885091915,15,15,1.214
250.49467308507235,4812.933461956545,2,0,0.016
472.55348567038214,4760.806058192299,71,49,1.043
615.8118367763665,4560.606383360823,14,0,1.257
33.47481666794503,4720.777701933484,3,0,0.039
447.4753919160525,4722.27708583495,8,4,0.184
196.86877278081136,4809.736182929352,12,11,0.078
322.93906806984944,4788.028549874274,9,2,0.278
616.9427822870704,4615.807877729798,30,30,1.339
253.8561134885978,4806.518947166999,2,1,0.054
840.9967281437686,4754.227474236229,5,5,0.0
651.0447618305881,4406.946902472734,20,5,2.116
697.37091163109,4436.349362382983,47,31,0.122
272.94450974700504,4787.640492085635,6,3,0.022
176.9628745821656,4773.637026460092,2,0,0.067
-158.15311302920907,4692.490420200697,6,5,0.053
-172.5544444079927,4664.81286359035,7,3,0.187
693.1391578890252,4699.333724433439,11,0,0.144
446.1743917228162,4855.142619699956,54,54,3.557
721.6070330263977,4603.366864462286,12,12,1.316
413.4180862618904,4425.116642787946,2,1,0.027
702.5751346581146,4550.008430301448,10,9,0.386
-88.18423093866228,4852.5224485669105,62,8,7.543
270.4243935377698,4791.057830291552,3,2,0.107
840.7463594831526,4731.775009475852,20,10,1.535
376.5487619548799,4879.067513595932,8,5,0.284
277.86479409196284,4793.195943595751,31,19,0.069
371.8641877511208,4741.801025436665,8,8,0.085
164.73560211436316,4384.087705472003,2,0,0.006
-84.54886683006416,4665.053424464566,10,10,0.306
-65.24870690460303,4500.0750825028745,2,0,0.074
268.7462314828496,4793.121552305674,7,2,0.537
812.354918338627,4776.233055979302,53,10,1.293
586.8535137189724,4511.132446485068,8,0,0.244
363.02383793031817,4691.057540540036,23,1,0.115
203.54877632216207,4384.521735107826,15,8,0.931
649.9628253105768,4582.682688613125,11,10,0.132
212.36725516499965,4726.793517047466,40,25,4.969
303.3807373259879,4835.609433253524,19,15,0.002
300.71865200555163,4792.651128907989,5,5,0.094
636.4782837247452,4367.249381323373,2,2,0.247
